,Year,Lag1,Lag2,Lag3,Lag4,Lag5,Volume,Today,Direction
0,2001,0.381,-0.192,-2.624,-1.055,5.01,1.1913,0.959,Up
1,2001,0.959,0.381,-0.192,-2.624,-1.055,1.2965,1.032,Up
2,2001,1.032,0.959,0.381,-0.192,-2.624,1.4112,-0.623,Down
3,2001,-0.623,1.032,0.959,0.381,-0.192,1.276,0.614,Up
4,2001,0.614,-0.623,1.032,0.959,0.381,1.2057,0.213,Up
5,2001,0.213,0.614,-0.623,1.032,0.959,1.3491,1.392,Up
6,2001,1.392,0.213,0.614,-0.623,1.032,1.445,-0.403,Down
7,2001,-0.403,1.392,0.213,0.614,-0.623,1.4078,0.027000000000000003,Up
8,2001,0.027000000000000003,-0.403,1.392,0.213,0.614,1.164,1.3030000000000002,Up
9,2001,1.3030000000000002,0.027000000000000003,-0.403,1.392,0.213,1.2326,0.287,Up
10,2001,0.287,1.3030000000000002,0.027000000000000003,-0.403,1.392,1.3090000000000002,-0.498,Down
11,2001,-0.498,0.287,1.3030000000000002,0.027000000000000003,-0.403,1.258,-0.189,Down
12,2001,-0.189,-0.498,0.287,1.3030000000000002,0.027000000000000003,1.098,0.68,Up
13,2001,0.68,-0.189,-0.498,0.287,1.3030000000000002,1.0531,0.701,Up
14,2001,0.701,0.68,-0.189,-0.498,0.287,1.1498,-0.562,Down
15,2001,-0.562,0.701,0.68,-0.189,-0.498,1.2953,0.546,Up
16,2001,0.546,-0.562,0.701,0.68,-0.189,1.1188,-1.747,Down
17,2001,-1.747,0.546,-0.562,0.701,0.68,1.0484,0.359,Up
18,2001,0.359,-1.747,0.546,-0.562,0.701,1.013,-0.151,Down
19,2001,-0.151,0.359,-1.747,0.546,-0.562,1.0596,-0.841,Down
20,2001,-0.841,-0.151,0.359,-1.747,0.546,1.1583,-0.623,Down
21,2001,-0.623,-0.841,-0.151,0.359,-1.747,1.1072,-1.334,Down
22,2001,-1.334,-0.623,-0.841,-0.151,0.359,1.0755,1.183,Up
23,2001,1.183,-1.334,-0.623,-0.841,-0.151,1.0391,-0.865,Down
24,2001,-0.865,1.183,-1.334,-0.623,-0.841,1.0752,-0.218,Down
25,2001,-0.218,-0.865,1.183,-1.334,-0.623,1.1503,0.812,Up
26,2001,0.812,-0.218,-0.865,1.183,-1.334,1.1537,-1.891,Down
27,2001,-1.891,0.812,-0.218,-0.865,1.183,1.2572,-1.736,Down
28,2001,-1.736,-1.891,0.812,-0.218,-0.865,1.1122,-1.851,Down
29,2001,-1.851,-1.736,-1.891,0.812,-0.218,1.2085,-0.195,Down
30,2001,-0.195,-1.851,-1.736,-1.891,0.812,1.3659,-0.556,Down
31,2001,-0.556,-0.195,-1.851,-1.736,-1.891,1.2313,1.749,Up
32,2001,1.749,-0.556,-0.195,-1.851,-1.736,1.1308,-0.7659999999999999,Down
33,2001,-0.7659999999999999,1.749,-0.556,-0.195,-1.851,1.1141,-1.431,Down
34,2001,-1.431,-0.7659999999999999,1.749,-0.556,-0.195,1.2253,0.104,Up
35,2001,0.104,-1.431,-0.7659999999999999,1.749,-0.556,1.2949,-0.568,Down
36,2001,-0.568,0.104,-1.431,-0.7659999999999999,1.749,1.294,0.586,Up
37,2001,0.586,-0.568,0.104,-1.431,-0.7659999999999999,0.9292,0.998,Up
38,2001,0.998,0.586,-0.568,0.104,-1.431,1.0918,0.645,Up
39,2001,0.645,0.998,0.586,-0.568,0.104,1.1322,0.226,Up
40,2001,0.226,0.645,0.998,0.586,-0.568,1.1141,-2.476,Down
41,2001,-2.476,0.226,0.645,0.998,0.586,1.0859,-4.3180000000000005,Down
42,2001,-4.3180000000000005,-2.476,0.226,0.645,0.998,1.229,1.483,Up
43,2001,1.483,-4.3180000000000005,-2.476,0.226,0.645,1.3609,-2.584,Down
44,2001,-2.584,1.483,-4.3180000000000005,-2.476,0.226,1.3974,0.5870000000000001,Up
45,2001,0.5870000000000001,-2.584,1.483,-4.3180000000000005,-2.476,1.2595,-1.962,Down
46,2001,-1.962,0.5870000000000001,-2.584,1.483,-4.3180000000000005,1.54356,1.763,Up
47,2001,1.763,-1.962,0.5870000000000001,-2.584,1.483,1.1262,-2.408,Down
48,2001,-2.408,1.763,-1.962,0.5870000000000001,-2.584,1.2359,-1.7919999999999998,Down
49,2001,-1.7919999999999998,-2.408,1.763,-1.962,0.5870000000000001,1.3463,-0.406,Down
50,2001,-0.406,-1.7919999999999998,-2.408,1.763,-1.962,1.72395,1.991,Up
51,2001,1.991,-0.406,-1.7919999999999998,-2.408,1.763,1.3649,1.128,Up
52,2001,1.128,1.991,-0.406,-1.7919999999999998,-2.408,1.114,2.557,Up
53,2001,2.557,1.128,1.991,-0.406,-1.7919999999999998,1.3142,-2.443,Down
54,2001,-2.443,2.557,1.128,1.991,-0.406,1.3334,-0.463,Down
55,2001,-0.463,-2.443,2.557,1.128,1.991,1.2345,1.078,Up
56,2001,1.078,-0.463,-2.443,2.557,1.128,1.2808,-1.246,Down
57,2001,-1.246,1.078,-0.463,-2.443,2.557,1.2549,-3.439,Down
58,2001,-3.439,-1.246,1.078,-0.463,-2.443,1.3861,-0.29,Down
59,2001,-0.29,-3.439,-1.246,1.078,-0.463,1.42559,4.368,Up
60,2001,4.368,-0.29,-3.439,-1.246,1.078,1.368,-1.998,Down
61,2001,-1.998,4.368,-0.29,-3.439,-1.246,1.2668,0.812,Up
62,2001,0.812,-1.998,4.368,-0.29,-3.439,1.0628,2.707,Up
63,2001,2.707,0.812,-1.998,4.368,-0.29,1.3496,-0.213,Down
64,2001,-0.213,2.707,0.812,-1.998,4.368,1.2903,1.51,Up
65,2001,1.51,-0.213,2.707,0.812,-1.998,1.102,-0.32299999999999995,Down
66,2001,-0.32299999999999995,1.51,-0.213,2.707,0.812,0.9139,1.028,Up
67,2001,1.028,-0.32299999999999995,1.51,-0.213,2.707,1.1096,3.889,Up
68,2001,3.889,1.028,-0.32299999999999995,1.51,-0.213,1.9189,1.254,Up
69,2001,1.254,3.889,1.028,-0.32299999999999995,1.51,1.4868,-0.8540000000000001,Down
70,2001,-0.8540000000000001,1.254,3.889,1.028,-0.32299999999999995,1.3387,-1.4980000000000002,Down
71,2001,-1.4980000000000002,-0.8540000000000001,1.254,3.889,1.028,1.0126,-1.216,Down
72,2001,-1.216,-1.4980000000000002,-0.8540000000000001,1.254,3.889,1.2165,1.594,Up
73,2001,1.594,-1.216,-1.4980000000000002,-0.8540000000000001,1.254,1.2036,0.47,Up
74,2001,0.47,1.594,-1.216,-1.4980000000000002,-0.8540000000000001,1.3452,1.501,Up
75,2001,1.501,0.47,1.594,-1.216,-1.4980000000000002,1.0913,-0.287,Down
76,2001,-0.287,1.501,0.47,1.594,-1.216,1.2668,1.359,Up
77,2001,1.359,-0.287,1.501,0.47,1.594,1.1813,0.078,Up
78,2001,0.078,1.359,-0.287,1.501,0.47,1.3422,-1.487,Down
79,2001,-1.487,0.078,1.359,-0.287,1.501,1.1379,1.444,Up
80,2001,1.444,-1.487,0.078,1.359,-0.287,1.0821,-0.245,Down
81,2001,-0.245,1.444,-1.487,0.078,1.359,0.949,-0.183,Down
82,2001,-0.183,-0.245,1.444,-1.487,0.078,1.0063,-0.449,Down
83,2001,-0.449,-0.183,-0.245,1.444,-1.487,1.1324,-0.029,Down
84,2001,-0.029,-0.449,-0.183,-0.245,1.444,1.0567,-0.758,Down
85,2001,-0.758,-0.029,-0.449,-0.183,-0.245,0.9062,0.261,Up
86,2001,0.261,-0.758,-0.029,-0.449,-0.183,0.8582,0.042,Up
87,2001,0.042,0.261,-0.758,-0.029,-0.449,1.0718,2.845,Up
88,2001,2.845,0.042,0.261,-0.758,-0.029,1.4053,0.272,Up
89,2001,0.272,2.845,0.042,0.261,-0.758,1.3556,0.269,Up
90,2001,0.269,0.272,2.845,0.042,0.261,1.1308,1.615,Up
91,2001,1.615,0.269,0.272,2.845,0.042,1.1749,-0.263,Down
92,2001,-0.263,1.615,0.269,0.272,2.845,1.2604,-1.5530000000000002,Down
93,2001,-1.5530000000000002,-0.263,1.615,0.269,0.272,1.1348,0.32,Up
94,2001,0.32,-1.5530000000000002,-0.263,1.615,0.269,1.1007,-1.182,Down
95,2001,-1.182,0.32,-1.5530000000000002,-0.263,1.615,0.8281,-0.779,Down
96,2001,-0.779,-1.182,0.32,-1.5530000000000002,-0.263,1.026,-1.5659999999999998,Down
97,2001,-1.5659999999999998,-0.779,-1.182,0.32,-1.5530000000000002,1.1586,0.62,Up
98,2001,0.62,-1.5659999999999998,-0.779,-1.182,0.32,1.2266,0.386,Up
99,2001,0.386,0.62,-1.5659999999999998,-0.779,-1.182,1.015,0.511,Up
100,2001,0.511,0.386,0.62,-1.5659999999999998,-0.779,0.8365,1.2990000000000002,Up
101,2001,1.2990000000000002,0.511,0.386,0.62,-1.5659999999999998,1.1168,-1.055,Down
102,2001,-1.055,1.2990000000000002,0.511,0.386,0.62,1.0619,0.546,Up
103,2001,0.546,-1.055,1.2990000000000002,0.511,0.386,1.0896,-0.94,Down
104,2001,-0.94,0.546,-1.055,1.2990000000000002,0.511,0.7262,-0.836,Down
105,2001,-0.836,-0.94,0.546,-1.055,1.2990000000000002,0.8701,0.116,Up
106,2001,0.116,-0.836,-0.94,0.546,-1.055,1.1365,-1.135,Down
107,2001,-1.135,0.116,-0.836,-0.94,0.546,1.0636,-1.75,Down
108,2001,-1.75,-1.135,0.116,-0.836,-0.94,1.2429,-0.452,Down
109,2001,-0.452,-1.75,-1.135,0.116,-0.836,1.63555,-0.488,Down
110,2001,-0.488,-0.452,-1.75,-1.135,0.116,1.1116,0.343,Up
111,2001,0.343,-0.488,-0.452,-1.75,-1.135,1.1849,0.871,Up
112,2001,0.871,0.343,-0.488,-0.452,-1.75,1.3501,1.136,Up
113,2001,1.136,0.871,0.343,-0.488,-0.452,1.54682,-0.945,Down
114,2001,-0.945,1.136,0.871,0.343,-0.488,1.1892,-0.551,Down
115,2001,-0.551,-0.945,1.136,0.871,0.343,1.0501,-0.151,Down
116,2001,-0.151,-0.551,-0.945,1.136,0.871,1.1989,-0.468,Down
117,2001,-0.468,-0.151,-0.551,-0.945,1.136,1.1621,1.249,Up
118,2001,1.249,-0.468,-0.151,-0.551,-0.945,1.3273,-0.14800000000000002,Down
119,2001,-0.14800000000000002,1.249,-0.468,-0.151,-0.551,1.83236,1.008,Up
120,2001,1.008,-0.14800000000000002,1.249,-0.468,-0.151,1.1283,-0.184,Down
121,2001,-0.184,1.008,-0.14800000000000002,1.249,-0.468,0.62211,-1.232,Down
122,2001,-1.232,-0.184,1.008,-0.14800000000000002,1.249,0.9349,-2.35,Down
123,2001,-2.35,-1.232,-0.184,1.008,-0.14800000000000002,1.0567,0.688,Up
124,2001,0.688,-2.35,-1.232,-0.184,1.008,1.0457,-1.44,Down
125,2001,-1.44,0.688,-2.35,-1.232,-0.184,1.2638,-0.113,Down
126,2001,-0.113,-1.44,0.688,-2.35,-1.232,1.3841,2.369,Up
127,2001,2.369,-0.113,-1.44,0.688,-2.35,1.394,0.624,Up
128,2001,0.624,2.369,-0.113,-1.44,0.688,1.1217,-1.088,Down
129,2001,-1.088,0.624,2.369,-0.113,-1.44,1.0398,0.997,Up
130,2001,0.997,-1.088,0.624,2.369,-0.113,1.2381,-0.5539999999999999,Down
131,2001,-0.5539999999999999,0.997,-1.088,0.624,2.369,1.3163,0.605,Up
132,2001,0.605,-0.5539999999999999,0.997,-1.088,0.624,1.3435,-0.343,Down
133,2001,-0.343,0.605,-0.5539999999999999,0.997,-1.088,1.1709,-1.6369999999999998,Down
134,2001,-1.6369999999999998,-0.343,0.605,-0.5539999999999999,0.997,0.9869,-1.6269999999999998,Down
135,2001,-1.6269999999999998,-1.6369999999999998,-0.343,0.605,-0.5539999999999999,1.1987,1.608,Up
136,2001,1.608,-1.6269999999999998,-1.6369999999999998,-0.343,0.605,1.2807,1.045,Up
137,2001,1.045,1.608,-1.6269999999999998,-1.6369999999999998,-0.343,1.2139,0.24,Up
138,2001,0.24,1.045,1.608,-1.6269999999999998,-1.6369999999999998,1.0153,-0.108,Down
139,2001,-0.108,0.24,1.045,1.608,-1.6269999999999998,0.9091,0.557,Up
140,2001,0.557,-0.108,0.24,1.045,1.608,1.1292,0.388,Up
141,2001,0.388,0.557,-0.108,0.24,1.045,1.3403,0.396,Up
142,2001,0.396,0.388,0.557,-0.108,0.24,1.2183,-0.524,Down
143,2001,-0.524,0.396,0.388,0.557,-0.108,0.9399,-1.142,Down
144,2001,-1.142,-0.524,0.396,0.388,0.557,0.8117,0.327,Up
145,2001,0.327,-1.142,-0.524,0.396,0.388,1.012,-1.733,Down
146,2001,-1.733,0.327,-1.142,-0.524,0.396,1.1246,-0.008,Down
147,2001,-0.008,-1.733,0.327,-1.142,-0.524,1.1042,0.569,Up
148,2001,0.569,-0.008,-1.733,0.327,-1.142,0.9609,0.095,Up
149,2001,0.095,0.569,-0.008,-1.733,0.327,0.8376,-0.383,Down
150,2001,-0.383,0.095,0.569,-0.008,-1.733,0.9646,-0.7340000000000001,Down
151,2001,-0.7340000000000001,-0.383,0.095,0.569,-0.008,1.0656,0.309,Up
152,2001,0.309,-0.7340000000000001,-0.383,0.095,0.569,1.0554,-1.666,Down
153,2001,-1.666,0.309,-0.7340000000000001,-0.383,0.095,0.9743,0.812,Up
154,2001,0.812,-1.666,0.309,-0.7340000000000001,-0.383,0.8971,-1.208,Down
155,2001,-1.208,0.812,-1.666,0.309,-0.7340000000000001,1.0416,0.696,Up
156,2001,0.696,-1.208,0.812,-1.666,0.309,1.1108,-0.276,Down
157,2001,-0.276,0.696,-1.208,0.812,-1.666,0.9862,1.965,Up
158,2001,1.965,-0.276,0.696,-1.208,0.812,1.0436,-0.483,Down
159,2001,-0.483,1.965,-0.276,0.696,-1.208,0.8426,-1.501,Down
160,2001,-1.501,-0.483,1.965,-0.276,0.696,0.9871,-1.115,Down
161,2001,-1.115,-1.501,-0.483,1.965,-0.276,0.9637,-1.7,Down
162,2001,-1.7,-1.115,-1.501,-0.483,1.965,1.157,0.403,Up
163,2001,0.403,-1.7,-1.115,-1.501,-0.483,0.9201,-0.056,Down
164,2001,-0.056,0.403,-1.7,-1.115,-1.501,1.1783,-0.106,Down
165,2001,-0.106,-0.056,0.403,-1.7,-1.115,1.3845,-2.239,Down
166,2001,-2.239,-0.106,-0.056,0.403,-1.7,1.3597,-1.864,Down
167,2001,-1.864,-2.239,-0.106,-0.056,0.403,1.4243,0.623,Up
168,2001,0.623,-1.864,-2.239,-0.106,-0.056,1.2766,-4.922,Down
169,2001,-4.922,0.623,-1.864,-2.239,-0.106,2.33083,-0.58,Down
170,2001,-0.58,-4.922,0.623,-1.864,-2.239,1.65041,-1.611,Down
171,2001,-1.611,-0.58,-4.922,0.623,-1.864,2.12055,-3.1060000000000003,Down
172,2001,-3.1060000000000003,-1.611,-0.58,-4.922,0.623,2.0048,-1.903,Down
173,2001,-1.903,-3.1060000000000003,-1.611,-0.58,-4.922,2.3173,3.898,Up
174,2001,3.898,-1.903,-3.1060000000000003,-1.611,-0.58,1.7466,0.879,Up
175,2001,0.879,3.898,-1.903,-3.1060000000000003,-1.611,1.6138,-0.517,Down
176,2001,-0.517,0.879,3.898,-1.903,-3.1060000000000003,1.5191,1.149,Up
177,2001,1.149,-0.517,0.879,3.898,-1.903,1.467,2.192,Up
178,2001,2.192,1.149,-0.517,0.879,3.898,1.6315,-0.23,Down
179,2001,-0.23,2.192,1.149,-0.517,0.879,1.1756,1.231,Up
180,2001,1.231,-0.23,2.192,1.149,-0.517,1.2898,1.993,Up
181,2001,1.993,1.231,-0.23,2.192,1.149,1.6506,-0.247,Down
182,2001,-0.247,1.993,1.231,-0.23,2.192,1.6091,0.16399999999999998,Up
183,2001,0.16399999999999998,-0.247,1.993,1.231,-0.23,1.3017,-0.8340000000000001,Down
184,2001,-0.8340000000000001,0.16399999999999998,-0.247,1.993,1.231,0.979,-0.536,Down
185,2001,-0.536,-0.8340000000000001,0.16399999999999998,-0.247,1.993,1.2278,2.294,Up
186,2001,2.294,-0.536,-0.8340000000000001,0.16399999999999998,-0.247,1.3124,1.521,Up
187,2001,1.521,2.294,-0.536,-0.8340000000000001,0.16399999999999998,1.70458,-0.527,Down
188,2001,-0.527,1.521,2.294,-0.536,-0.8340000000000001,1.3314,-0.153,Down
189,2001,-0.153,-0.527,1.521,2.294,-0.536,1.0247,0.6940000000000001,Up
190,2001,0.6940000000000001,-0.153,-0.527,1.521,2.294,1.2105,-1.863,Down
191,2001,-1.863,0.6940000000000001,-0.153,-0.527,1.521,1.4522,-0.787,Down
192,2001,-0.787,-1.863,0.6940000000000001,-0.153,-0.527,1.2629,0.456,Up
193,2001,0.456,-0.787,-1.863,0.6940000000000001,-0.153,1.2949,1.53,Up
194,2001,1.53,0.456,-0.787,-1.863,0.6940000000000001,1.1057,-0.47,Down
195,2001,-0.47,1.53,0.456,-0.787,-1.863,1.3173,0.039,Up
196,2001,0.039,-0.47,1.53,0.456,-0.787,1.3362,1.372,Up
197,2001,1.372,0.039,-0.47,1.53,0.456,1.3644,0.411,Up
198,2001,0.411,1.372,0.039,-0.47,1.53,1.2445,-2.382,Down
199,2001,-2.382,0.411,1.372,0.039,-0.47,1.1061,-1.717,Down
200,2001,-1.717,-2.382,0.411,1.372,0.039,1.2974,-0.001,Down
201,2001,-0.001,-1.717,-2.382,0.411,1.372,1.3525,2.295,Up
202,2001,2.295,-0.001,-1.717,-2.382,0.411,1.3174,0.28600000000000003,Up
203,2001,0.28600000000000003,2.295,-0.001,-1.717,-2.382,1.1219,1.439,Up
204,2001,1.439,0.28600000000000003,2.295,-0.001,-1.717,1.2677,1.453,Up
205,2001,1.453,1.439,0.28600000000000003,2.295,-0.001,1.356,-0.273,Down
206,2001,-0.273,1.453,1.439,0.28600000000000003,2.295,1.4113,0.246,Up
207,2001,0.246,-0.273,1.453,1.439,0.28600000000000003,1.5175,0.158,Up
208,2001,0.158,0.246,-0.273,1.453,1.439,1.0938,-0.177,Down
209,2001,-0.177,0.158,0.246,-0.273,1.453,0.9916,1.856,Up
210,2001,1.856,-0.177,0.158,0.246,-0.273,1.3701,0.18600000000000005,Up
211,2001,0.18600000000000005,1.856,-0.177,0.158,0.246,1.4434,0.09,Up
212,2001,0.09,0.18600000000000005,1.856,-0.177,0.158,1.4545,-0.314,Down
213,2001,-0.314,0.09,0.18600000000000005,1.856,-0.177,1.3374,1.09,Up
214,2001,1.09,-0.314,0.09,0.18600000000000005,1.856,1.3168,-0.73,Down
215,2001,-0.73,1.09,-0.314,0.09,0.18600000000000005,1.3302,-0.493,Down
216,2001,-0.493,-0.73,1.09,-0.314,0.09,1.0293,1.171,Up
217,2001,1.171,-0.493,-0.73,1.09,-0.314,0.4103,0.615,Up
218,2001,0.615,1.171,-0.493,-0.73,1.09,1.1298,-0.684,Down
219,2001,-0.684,0.615,1.171,-0.493,-0.73,1.288,-1.825,Down
220,2001,-1.825,-0.684,0.615,1.171,-0.493,1.4237,1.035,Up
221,2001,1.035,-1.825,-0.684,0.615,1.171,1.3757,-0.066,Down
222,2001,-0.066,1.035,-1.825,-0.684,0.615,1.3436,-0.838,Down
223,2001,-0.838,-0.066,1.035,-1.825,-0.684,1.2029,1.319,Up
224,2001,1.319,-0.838,-0.066,1.035,-1.825,1.3185,2.232,Up
225,2001,2.232,1.319,-0.838,-0.066,1.035,1.7653,-0.278,Down
226,2001,-0.278,2.232,1.319,-0.838,-0.066,1.4879,-0.753,Down
227,2001,-0.753,-0.278,2.232,1.319,-0.838,1.2482,-1.587,Down
228,2001,-1.587,-0.753,-0.278,2.232,1.319,1.2187,-0.278,Down
229,2001,-0.278,-1.587,-0.753,-0.278,2.232,1.3672,0.027000000000000003,Up
230,2001,0.027000000000000003,-0.278,-1.587,-0.753,-0.278,1.4497,-1.556,Down
231,2001,-1.556,0.027000000000000003,-0.278,-1.587,-0.753,1.5115,0.331,Up
232,2001,0.331,-1.556,0.027000000000000003,-0.278,-1.587,1.3068,1.003,Up
233,2001,1.003,0.331,-1.556,0.027000000000000003,-0.278,1.2604,0.755,Up
234,2001,0.755,1.003,0.331,-1.556,0.027000000000000003,1.354,0.581,Up
235,2001,0.581,0.755,1.003,0.331,-1.556,1.4849,-0.838,Down
236,2001,-0.838,0.581,0.755,1.003,0.331,1.4905,0.435,Up
237,2001,0.435,-0.838,0.581,0.755,1.003,1.694,-0.021,Down
238,2001,-0.021,0.435,-0.838,0.581,0.755,0.43967,0.412,Up
239,2001,0.412,-0.021,0.435,-0.838,0.581,0.7911,0.675,Up
240,2001,0.675,0.412,-0.021,0.435,-0.838,0.8763,0.336,Up
241,2001,0.336,0.675,0.412,-0.021,0.435,0.9174,-1.115,Down
242,2002,-1.115,0.336,0.675,0.412,-0.021,0.9436,0.574,Up
243,2002,0.574,-1.115,0.336,0.675,0.412,1.171,0.918,Up
244,2002,0.918,0.574,-1.115,0.336,0.675,1.3989,0.621,Up
245,2002,0.621,0.918,0.574,-1.115,0.336,1.513,-0.65,Down
246,2002,-0.65,0.621,0.918,0.574,-1.115,1.3083,-0.359,Down
247,2002,-0.359,-0.65,0.621,0.918,0.574,1.2588,-0.48,Down
248,2002,-0.48,-0.359,-0.65,0.621,0.918,1.452,0.122,Up
249,2002,0.122,-0.48,-0.359,-0.65,0.621,1.2990000000000002,-0.947,Down
250,2002,-0.947,0.122,-0.48,-0.359,-0.65,1.2119,-0.628,Down
251,2002,-0.628,-0.947,0.122,-0.48,-0.359,1.2864,0.6829999999999999,Up
252,2002,0.6829999999999999,-0.628,-0.947,0.122,-0.48,1.3869,-1.625,Down
253,2002,-1.625,0.6829999999999999,-0.628,-0.947,0.122,1.4825,1.003,Up
254,2002,1.003,-1.625,0.6829999999999999,-0.628,-0.947,1.3801,-0.992,Down
255,2002,-0.992,1.003,-1.625,0.6829999999999999,-0.628,1.3333,-0.733,Down
256,2002,-0.733,-0.992,1.003,-1.625,0.6829999999999999,1.3116,0.792,Up
257,2002,0.792,-0.733,-0.992,1.003,-1.625,1.4792,0.35200000000000004,Up
258,2002,0.35200000000000004,0.792,-0.733,-0.992,1.003,1.5528,0.1,Up
259,2002,0.1,0.35200000000000004,0.792,-0.733,-0.992,1.3451,-0.019,Down
260,2002,-0.019,0.1,0.35200000000000004,0.792,-0.733,1.1868,-2.861,Down
261,2002,-2.861,-0.019,0.1,0.35200000000000004,0.792,1.812,1.175,Up
262,2002,1.175,-2.861,-0.019,0.1,0.35200000000000004,2.0196,1.493,Up
263,2002,1.493,1.175,-2.861,-0.019,0.1,1.557,-0.708,Down
264,2002,-0.708,1.493,1.175,-2.861,-0.019,1.3672,-2.474,Down
265,2002,-2.474,-0.708,1.493,1.175,-2.861,1.4376,-0.404,Down
266,2002,-0.404,-2.474,-0.708,1.493,1.175,1.7783,-0.597,Down
267,2002,-0.597,-0.404,-2.474,-0.708,1.493,1.6658,-0.308,Down
268,2002,-0.308,-0.597,-0.404,-2.474,-0.708,1.4416,1.486,Up
269,2002,1.486,-0.308,-0.597,-0.404,-2.474,1.3719,1.4340000000000002,Up
270,2002,1.4340000000000002,1.486,-0.308,-0.597,-0.404,1.1594,-0.399,Down
271,2002,-0.399,1.4340000000000002,1.486,-0.308,-0.597,1.0942,0.994,Up
272,2002,0.994,-0.399,1.4340000000000002,1.486,-0.308,1.2159,-0.181,Down
273,2002,-0.181,0.994,-0.399,1.4340000000000002,1.486,1.2725,-1.102,Down
274,2002,-1.102,-0.181,0.994,-0.399,1.4340000000000002,1.3592,-1.887,Down
275,2002,-1.887,-1.102,-0.181,0.994,-0.399,1.1899,1.351,Up
276,2002,1.351,-1.887,-1.102,-0.181,0.994,1.4389,-1.551,Down
277,2002,-1.551,1.351,-1.887,-1.102,-0.181,1.3816,0.8220000000000001,Up
278,2002,0.8220000000000001,-1.551,1.351,-1.887,-1.102,1.411,1.798,Up
279,2002,1.798,0.8220000000000001,-1.551,1.351,-1.887,1.3674,-0.005,Down
280,2002,-0.005,1.798,0.8220000000000001,-1.551,1.351,1.3092,0.046,Up
281,2002,0.046,-0.005,1.798,0.8220000000000001,-1.551,1.3938,-0.285,Down
282,2002,-0.285,0.046,-0.005,1.798,0.8220000000000001,1.3922,2.263,Up
283,2002,2.263,-0.285,0.046,-0.005,1.798,1.4565,1.949,Up
284,2002,1.949,2.263,-0.285,0.046,-0.005,1.5943,-0.667,Down
285,2002,-0.667,1.949,2.263,-0.285,0.046,1.5493,1.4509999999999998,Up
286,2002,1.4509999999999998,-0.667,1.949,2.263,-0.285,1.5413,-0.45,Down
287,2002,-0.45,1.4509999999999998,-0.667,1.949,2.263,1.5174,0.585,Up
288,2002,0.585,-0.45,1.4509999999999998,-0.667,1.949,1.412,0.339,Up
289,2002,0.339,0.585,-0.45,1.4509999999999998,-0.667,1.2102,-0.229,Down
290,2002,-0.229,0.339,0.585,-0.45,1.4509999999999998,1.3044,-0.986,Down
291,2002,-0.986,-0.229,0.339,0.585,-0.45,1.354,-0.091,Down
292,2002,-0.091,-0.986,-0.229,0.339,0.585,1.2088,1.138,Up
293,2002,1.138,-0.091,-0.986,-0.229,0.339,1.4939,-0.052000000000000005,Down
294,2002,-0.052000000000000005,1.138,-0.091,-0.986,-0.229,1.1695,0.407,Up
295,2002,0.407,-0.052000000000000005,1.138,-0.091,-0.986,1.255,-1.5759999999999998,Down
296,2002,-1.5759999999999998,0.407,-0.052000000000000005,1.138,-0.091,1.3049,0.151,Up
297,2002,0.151,-1.5759999999999998,0.407,-0.052000000000000005,1.138,1.3392,-0.424,Down
298,2002,-0.424,0.151,-1.5759999999999998,0.407,-0.052000000000000005,1.2433,-1.465,Down
299,2002,-1.465,-0.424,0.151,-1.5759999999999998,0.407,1.0579,0.585,Up
300,2002,0.585,-1.465,-0.424,0.151,-1.5759999999999998,1.2236,0.535,Up
301,2002,0.535,0.585,-1.465,-0.424,0.151,1.1801,0.246,Up
302,2002,0.246,0.535,0.585,-1.465,-0.424,1.1476,-0.07400000000000001,Down
303,2002,-0.07400000000000001,0.246,0.535,0.585,-1.465,1.0509,-0.853,Down
304,2002,-0.853,-0.07400000000000001,0.246,0.535,0.585,1.1767,-0.999,Down
305,2002,-0.999,-0.853,-0.07400000000000001,0.246,0.535,1.2197,0.084,Up
306,2002,0.084,-0.999,-0.853,-0.07400000000000001,0.246,1.2838,-0.321,Down
307,2002,-0.321,0.084,-0.999,-0.853,-0.07400000000000001,1.1102,0.228,Up
308,2002,0.228,-0.321,0.084,-0.999,-0.853,1.0953,-0.6659999999999999,Down
309,2002,-0.6659999999999999,0.228,-0.321,0.084,-0.999,1.2354,1.133,Up
310,2002,1.133,-0.6659999999999999,0.228,-0.321,0.084,1.4479,-2.369,Down
311,2002,-2.369,1.133,-0.6659999999999999,0.228,-0.321,1.5056,0.6629999999999999,Up
312,2002,0.6629999999999999,-2.369,1.133,-0.6659999999999999,0.228,1.2821,-0.7609999999999999,Down
313,2002,-0.7609999999999999,0.6629999999999999,-2.369,1.133,-0.6659999999999999,1.1204,2.342,Up
314,2002,2.342,-0.7609999999999999,0.6629999999999999,-2.369,1.133,1.3413,-0.204,Down
315,2002,-0.204,2.342,-0.7609999999999999,0.6629999999999999,-2.369,1.3769,-0.142,Down
316,2002,-0.142,-0.204,2.342,-0.7609999999999999,0.6629999999999999,1.3593,0.062,Up
317,2002,0.062,-0.142,-0.204,2.342,-0.7609999999999999,1.185,-1.541,Down
318,2002,-1.541,0.062,-0.142,-0.204,2.342,1.1818,-0.62,Down
319,2002,-0.62,-1.541,0.062,-0.142,-0.204,1.3885,-0.71,Down
320,2002,-0.71,-0.62,-1.541,0.062,-0.142,1.3732,-0.152,Down
321,2002,-0.152,-0.71,-0.62,-1.541,0.062,1.5174,-1.389,Down
322,2002,-1.389,-0.152,-0.71,-0.62,-1.541,1.3742,-1.01,Down
323,2002,-1.01,-1.389,-0.152,-0.71,-0.62,1.3147,1.077,Up
324,2002,1.077,-1.01,-1.389,-0.152,-0.71,1.6286,0.8859999999999999,Up
325,2002,0.8859999999999999,1.077,-1.01,-1.389,-0.152,1.4514,-0.175,Down
326,2002,-0.175,0.8859999999999999,1.077,-1.01,-1.389,1.364,-1.026,Down
327,2002,-1.026,-0.175,0.8859999999999999,1.077,-1.01,1.2845,-1.934,Down
328,2002,-1.934,-1.026,-0.175,0.8859999999999999,1.077,1.1226,-0.302,Down
329,2002,-0.302,-1.934,-1.026,-0.175,0.8859999999999999,1.3547,3.75,Up
330,2002,3.75,-0.302,-1.934,-1.026,-0.175,1.5019999999999998,-1.455,Down
331,2002,-1.455,3.75,-0.302,-1.934,-1.026,1.153,-1.679,Down
332,2002,-1.679,-1.455,3.75,-0.302,-1.934,1.1719,1.855,Up
333,2002,1.855,-1.679,-1.455,3.75,-0.302,1.0886,2.114,Up
334,2002,2.114,1.855,-1.679,-1.455,3.75,1.4145,-0.5660000000000001,Down
335,2002,-0.5660000000000001,2.114,1.855,-1.679,-1.455,1.4202,0.6559999999999999,Up
336,2002,0.6559999999999999,-0.5660000000000001,2.114,1.855,-1.679,1.2566,0.7609999999999999,Up
337,2002,0.7609999999999999,0.6559999999999999,-0.5660000000000001,2.114,1.855,1.2744,-1.329,Down
338,2002,-1.329,0.7609999999999999,0.6559999999999999,-0.5660000000000001,2.114,0.9898,-1.099,Down
339,2002,-1.099,-1.329,0.7609999999999999,0.6559999999999999,-0.5660000000000001,1.2005,0.569,Up
340,2002,0.569,-1.099,-1.329,0.7609999999999999,0.6559999999999999,1.1363,1.018,Up
341,2002,1.018,0.569,-1.099,-1.329,0.7609999999999999,1.1929,-1.209,Down
342,2002,-1.209,1.018,0.569,-1.099,-1.329,0.8854,-0.855,Down
343,2002,-0.855,-1.209,1.018,0.569,-1.099,0.9965,-0.6409999999999999,Down
344,2002,-0.6409999999999999,-0.855,-1.209,1.018,0.569,1.0818,-0.281,Down
345,2002,-0.281,-0.6409999999999999,-0.855,-1.209,1.018,1.2866,0.233,Up
346,2002,0.233,-0.281,-0.6409999999999999,-0.855,-1.209,1.2773,-2.48,Down
347,2002,-2.48,0.233,-0.281,-0.6409999999999999,-0.855,1.3243,0.001,Up
348,2002,0.001,-2.48,0.233,-0.281,-0.6409999999999999,1.4666,0.885,Up
349,2002,0.885,0.001,-2.48,0.233,-0.281,1.3001,-1.976,Down
350,2002,-1.976,0.885,0.001,-2.48,0.233,1.6015,-0.157,Down
351,2002,-0.157,-1.976,0.885,0.001,-2.48,1.3413,0.312,Up
352,2002,0.312,-0.157,-1.976,0.885,0.001,1.2262,-1.663,Down
353,2002,-1.663,0.312,-0.157,-1.976,0.885,1.2124,0.657,Up
354,2002,0.657,-1.663,0.312,-0.157,-1.976,1.79572,-1.0490000000000002,Down
355,2002,-1.0490000000000002,0.657,-1.663,0.312,-0.157,1.4055,-0.227,Down
356,2002,-0.227,-1.0490000000000002,0.657,-1.663,0.312,1.5490000000000002,2.869,Up
357,2002,2.869,-0.227,-1.0490000000000002,0.657,-1.663,1.2366,0.094,Up
358,2002,0.094,2.869,-0.227,-1.0490000000000002,0.657,1.1931,-1.654,Down
359,2002,-1.654,0.094,2.869,-0.227,-1.0490000000000002,1.3361,-1.3430000000000002,Down
360,2002,-1.3430000000000002,-1.654,0.094,2.869,-0.227,1.3897,-1.704,Down
361,2002,-1.704,-1.3430000000000002,-1.654,0.094,2.869,1.4972,0.362,Up
362,2002,0.362,-1.704,-1.3430000000000002,-1.654,0.094,1.5526,-1.67,Down
363,2002,-1.67,0.362,-1.704,-1.3430000000000002,-1.654,1.5137,-0.267,Down
364,2002,-0.267,-1.67,0.362,-1.704,-1.3430000000000002,2.0142900000000004,1.758,Up
365,2002,1.758,-0.267,-1.67,0.362,-1.704,1.9086,-0.083,Down
366,2002,-0.083,1.758,-0.267,-1.67,0.362,2.117,-2.139,Down
367,2002,-2.139,-0.083,1.758,-0.267,-1.67,1.4255,-2.123,Down
368,2002,-2.123,-2.139,-0.083,1.758,-0.267,1.823,0.622,Up
369,2002,0.622,-2.123,-2.139,-0.083,1.758,1.5278,3.673,Up
370,2002,3.673,0.622,-2.123,-2.139,-0.083,0.6994,-1.218,Down
371,2002,-1.218,3.673,0.622,-2.123,-2.139,1.1844,-2.472,Down
372,2002,-2.472,-1.218,3.673,0.622,-2.123,1.3489,-3.3960000000000004,Down
373,2002,-3.3960000000000004,-2.472,-1.218,3.673,0.622,1.8169,0.75,Up
374,2002,0.75,-3.3960000000000004,-2.472,-1.218,3.673,2.08048,-0.645,Down
375,2002,-0.645,0.75,-3.3960000000000004,-2.472,-1.218,1.6074,-0.376,Down
376,2002,-0.376,-0.645,0.75,-3.3960000000000004,-2.472,2.5748,-1.851,Down
377,2002,-1.851,-0.376,-0.645,0.75,-3.3960000000000004,1.8437,0.5660000000000001,Up
378,2002,0.5660000000000001,-1.851,-0.376,-0.645,0.75,2.5665,-2.702,Down
379,2002,-2.702,0.5660000000000001,-1.851,-0.376,-0.645,1.7363,-3.835,Down
380,2002,-3.835,-2.702,0.5660000000000001,-1.851,-0.376,2.6541,-3.2910000000000004,Down
381,2002,-3.2910000000000004,-3.835,-2.702,0.5660000000000001,-1.851,2.24806,-2.702,Down
382,2002,-2.702,-3.2910000000000004,-3.835,-2.702,0.5660000000000001,2.44102,5.733,Up
383,2002,5.733,-2.702,-3.2910000000000004,-3.835,-2.702,2.77556,-0.563,Down
384,2002,-0.563,5.733,-2.702,-3.2910000000000004,-3.835,2.4247,1.6880000000000002,Up
385,2002,1.6880000000000002,-0.563,5.733,-2.702,-3.2910000000000004,1.7961,5.408,Up
386,2002,5.408,1.6880000000000002,-0.563,5.733,-2.702,1.77865,0.425,Up
387,2002,0.425,5.408,1.6880000000000002,-0.563,5.733,1.82609,0.979,Up
388,2002,0.979,0.425,5.408,1.6880000000000002,-0.563,2.04936,-2.957,Down
389,2002,-2.957,0.979,0.425,5.408,1.6880000000000002,1.6722,-2.3080000000000003,Down
390,2002,-2.3080000000000003,-2.957,0.979,0.425,5.408,1.5381,-3.43,Down
391,2002,-3.43,-2.3080000000000003,-2.957,0.979,0.425,1.4255,2.992,Up
392,2002,2.992,-3.43,-2.3080000000000003,-2.957,0.979,1.5141,2.001,Up
393,2002,2.001,2.992,-3.43,-2.3080000000000003,-2.957,1.4904,3.272,Up
394,2002,3.272,2.001,2.992,-3.43,-2.3080000000000003,1.6467,0.35100000000000003,Up
395,2002,0.35100000000000003,3.272,2.001,2.992,-3.43,1.2949,-0.5329999999999999,Down
396,2002,-0.5329999999999999,0.35100000000000003,3.272,2.001,2.992,1.0365,-2.168,Down
397,2002,-2.168,-0.5329999999999999,0.35100000000000003,3.272,2.001,1.2977,4.005,Up
398,2002,4.005,-2.168,-0.5329999999999999,0.35100000000000003,3.272,1.5338,1.156,Up
399,2002,1.156,4.005,-2.168,-0.5329999999999999,0.35100000000000003,1.5051,-0.159,Down
400,2002,-0.159,1.156,4.005,-2.168,-0.5329999999999999,1.2653,2.361,Up
401,2002,2.361,-0.159,1.156,4.005,-2.168,1.2998,-1.396,Down
402,2002,-1.396,2.361,-0.159,1.156,4.005,1.3085,1.273,Up
403,2002,1.273,-1.396,2.361,-0.159,1.156,1.3531,1.405,Up
404,2002,1.405,1.273,-1.396,2.361,-0.159,1.3730000000000002,-2.269,Down
405,2002,-2.269,1.405,1.273,-1.396,2.361,1.0715,0.754,Up
406,2002,0.754,-2.269,1.405,1.273,-1.396,1.0169,-1.385,Down
407,2002,-1.385,0.754,-2.269,1.405,1.273,1.3077,-1.813,Down
408,2002,-1.813,-1.385,0.754,-2.269,1.405,1.1466,-0.008,Down
409,2002,-0.008,-1.813,-1.385,0.754,-2.269,1.2711,-0.188,Down
410,2002,-0.188,-0.008,-1.813,-1.385,0.754,0.9299,-4.154,Down
411,2002,-4.154,-0.188,-0.008,-1.813,-1.385,1.2898,1.7519999999999998,Up
412,2002,1.7519999999999998,-4.154,-0.188,-0.008,-1.813,1.3721,-1.595,Down
413,2002,-1.595,1.7519999999999998,-4.154,-0.188,-0.008,1.4013,1.68,Up
414,2002,1.68,-1.595,1.7519999999999998,-4.154,-0.188,1.1845,1.011,Up
415,2002,1.011,1.68,-1.595,1.7519999999999998,-4.154,1.1306,0.733,Up
416,2002,0.733,1.011,1.68,-1.595,1.7519999999999998,1.1864,-0.014,Down
417,2002,-0.014,0.733,1.011,1.68,-1.595,0.8466,-2.478,Down
418,2002,-2.478,-0.014,0.733,1.011,1.68,1.1916,0.327,Up
419,2002,0.327,-2.478,-0.014,0.733,1.011,1.271,0.145,Up
420,2002,0.145,0.327,-2.478,-0.014,0.733,1.0014,-1.973,Down
421,2002,-1.973,0.145,0.327,-2.478,-0.014,1.4486,-0.465,Down
422,2002,-0.465,-1.973,0.145,0.327,-2.478,1.501,-3.006,Down
423,2002,-3.006,-0.465,-1.973,0.145,0.327,1.524,0.245,Up
424,2002,0.245,-3.006,-0.465,-1.973,0.145,1.7928,-1.383,Down
425,2002,-1.383,0.245,-3.006,-0.465,-1.973,1.3811,-1.7280000000000002,Down
426,2002,-1.7280000000000002,-1.383,0.245,-3.006,-0.465,1.6702400000000002,2.486,Up
427,2002,2.486,-1.7280000000000002,-1.383,0.245,-3.006,1.6515,1.821,Up
428,2002,1.821,2.486,-1.7280000000000002,-1.383,0.245,1.65,-3.2260000000000004,Down
429,2002,-3.2260000000000004,1.821,2.486,-1.7280000000000002,-1.383,1.5073,-1.461,Down
430,2002,-1.461,-3.2260000000000004,1.821,2.486,-1.7280000000000002,1.72187,4.002,Up
431,2002,4.002,-1.461,-3.2260000000000004,1.821,2.486,1.7809,-2.359,Down
432,2002,-2.359,4.002,-1.461,-3.2260000000000004,1.821,1.6689,-1.082,Down
433,2002,-1.082,-2.359,4.002,-1.461,-3.2260000000000004,1.6745,-2.2430000000000003,Down
434,2002,-2.2430000000000003,-1.082,-2.359,4.002,-1.461,1.83593,-1.911,Down
435,2002,-1.911,-2.2430000000000003,-1.082,-2.359,4.002,1.5765,1.69,Up
436,2002,1.69,-1.911,-2.2430000000000003,-1.082,-2.359,1.93843,-2.729,Down
437,2002,-2.729,1.69,-1.911,-2.2430000000000003,-1.082,1.88503,3.497,Up
438,2002,3.497,-2.729,1.69,-1.911,-2.2430000000000003,2.09023,3.906,Up
439,2002,3.906,3.497,-2.729,1.69,-1.911,1.85413,0.733,Up
440,2002,0.733,3.906,3.497,-2.729,1.69,1.2003,4.734,Up
441,2002,4.734,0.733,3.906,3.497,-2.729,1.956,-2.411,Down
442,2002,-2.411,4.734,0.733,3.906,3.497,1.585,2.23,Up
443,2002,2.23,-2.411,4.734,0.733,3.906,1.78039,0.59,Up
444,2002,0.59,2.23,-2.411,4.734,0.733,1.4231,1.733,Up
445,2002,1.733,0.59,2.23,-2.411,4.734,1.4469999999999998,-1.063,Down
446,2002,-1.063,1.733,0.59,2.23,-2.411,1.5492,0.672,Up
447,2002,0.672,-1.063,1.733,0.59,2.23,1.5939,-1.5219999999999998,Down
448,2002,-1.5219999999999998,0.672,-1.063,1.733,0.59,1.70057,1.717,Up
449,2002,1.717,-1.5219999999999998,0.672,-1.063,1.733,1.3404,-0.8270000000000001,Down
450,2002,-0.8270000000000001,1.717,-1.5219999999999998,0.672,-1.063,1.3826,-0.908,Down
451,2002,-0.908,-0.8270000000000001,1.717,-1.5219999999999998,0.672,1.5297,0.97,Up
452,2002,0.97,-0.908,-0.8270000000000001,1.717,-1.5219999999999998,1.4223,-0.556,Down
453,2002,-0.556,0.97,-0.908,-0.8270000000000001,1.717,1.6413,1.716,Up
454,2002,1.716,-0.556,0.97,-0.908,-0.8270000000000001,1.4504,0.82,Up
455,2002,0.82,1.716,-0.556,0.97,-0.908,1.6459,0.775,Up
456,2002,0.775,0.82,1.716,-0.556,0.97,1.3541,0.914,Up
457,2002,0.914,0.775,0.82,1.716,-0.556,1.6740000000000002,-2.285,Down
458,2002,-2.285,0.914,0.775,0.82,1.716,1.4669,-0.8759999999999999,Down
459,2002,-0.8759999999999999,-2.285,0.914,0.775,0.82,1.4465,-2.073,Down
460,2002,-2.073,-0.8759999999999999,-2.285,0.914,0.775,1.113,0.772,Up
461,2002,0.772,-2.073,-0.8759999999999999,-2.285,0.914,1.3771,-0.048,Down
462,2002,-0.048,0.772,-2.073,-0.8759999999999999,-2.285,1.4634,2.463,Up
463,2002,2.463,-0.048,0.772,-2.073,-0.8759999999999999,1.519,0.615,Up
464,2002,0.615,2.463,-0.048,0.772,-2.073,1.4001,-1.041,Down
465,2002,-1.041,0.615,2.463,-0.048,0.772,1.2826,-0.402,Down
466,2002,-0.402,-1.041,0.615,2.463,-0.048,1.3374,1.941,Up
467,2002,1.941,-0.402,-1.041,0.615,2.463,1.5173,2.145,Up
468,2002,2.145,1.941,-0.402,-1.041,0.615,2.4151,-0.344,Down
469,2002,-0.344,2.145,1.941,-0.402,-1.041,1.6268,0.249,Up
470,2002,0.249,-0.344,2.145,1.941,-0.402,1.574,-2.097,Down
471,2002,-2.097,0.249,-0.344,2.145,1.941,1.5436,2.799,Up
472,2002,2.799,-2.097,0.249,-0.344,2.145,1.3503,-0.273,Down
473,2002,-0.273,2.799,-2.097,0.249,-0.344,0.64346,-0.19,Down
474,2002,-0.19,-0.273,2.799,-2.097,0.249,1.612,-1.475,Down
475,2002,-1.475,-0.19,-0.273,2.799,-2.097,1.4884,-0.344,Down
476,2002,-0.344,-1.475,-0.19,-0.273,2.799,1.5889,-1.202,Down
477,2002,-1.202,-0.344,-1.475,-0.19,-0.273,1.2502,0.627,Up
478,2002,0.627,-1.202,-0.344,-1.475,-0.19,1.2411,-2.218,Down
479,2002,-2.218,0.627,-1.202,-0.344,-1.475,1.3208,1.396,Up
480,2002,1.396,-2.218,0.627,-1.202,-0.344,1.2866,0.056,Up
481,2002,0.056,1.396,-2.218,0.627,-1.202,1.2851,-0.373,Down
482,2002,-0.373,0.056,1.396,-2.218,0.627,1.2553,-1.342,Down
483,2002,-1.342,-0.373,0.056,1.396,-2.218,1.3308,2.352,Up
484,2002,2.352,-1.342,-0.373,0.056,1.396,1.2716,-0.8140000000000001,Down
485,2002,-0.8140000000000001,2.352,-1.342,-0.373,0.056,1.2518,-1.315,Down
486,2002,-1.315,-0.8140000000000001,2.352,-1.342,-0.373,1.4462,-0.7709999999999999,Down
487,2002,-0.7709999999999999,-1.315,-0.8140000000000001,2.352,-1.342,1.3859,1.3019999999999998,Up
488,2002,1.3019999999999998,-0.7709999999999999,-1.315,-0.8140000000000001,2.352,1.78273,0.181,Up
489,2002,0.181,1.3019999999999998,-0.7709999999999999,-1.315,-0.8140000000000001,1.1121,-0.547,Down
490,2002,-0.547,0.181,1.3019999999999998,-0.7709999999999999,-1.315,0.4583100000000001,-0.315,Down
491,2002,-0.315,-0.547,0.181,1.3019999999999998,-0.7709999999999999,0.7211,-1.6030000000000002,Down
492,2002,-1.6030000000000002,-0.315,-0.547,0.181,1.3019999999999998,0.7584,0.456,Up
493,2002,0.456,-1.6030000000000002,-0.315,-0.547,0.181,1.0578,0.049,Up
494,2003,0.049,0.456,-1.6030000000000002,-0.315,-0.547,1.0885,3.32,Up
495,2003,3.32,0.049,0.456,-1.6030000000000002,-0.315,1.2292,-0.048,Down
496,2003,-0.048,3.32,0.049,0.456,-1.6030000000000002,1.1308,2.247,Up
497,2003,2.247,-0.048,3.32,0.049,0.456,1.4359,-0.654,Down
498,2003,-0.654,2.247,-0.048,3.32,0.049,1.5452,-1.409,Down
499,2003,-1.409,-0.654,2.247,-0.048,3.32,1.4676,1.939,Up
500,2003,1.939,-1.409,-0.654,2.247,-0.048,1.5603,0.0,Up
501,2003,0.0,1.939,-1.409,-0.654,2.247,1.4854,-0.141,Down
502,2003,-0.141,0.0,1.939,-1.409,-0.654,1.3963,0.583,Up
503,2003,0.583,-0.141,0.0,1.939,-1.409,1.3794,-1.443,Down
504,2003,-1.443,0.583,-0.141,0.0,1.939,1.4321,-0.394,Down
505,2003,-0.394,-1.443,0.583,-0.141,0.0,1.5346,-1.402,Down
506,2003,-1.402,-0.394,-1.443,0.583,-0.141,1.3582,-1.57,Down
507,2003,-1.57,-1.402,-0.394,-1.443,0.583,1.3352,-1.043,Down
508,2003,-1.043,-1.57,-1.402,-0.394,-1.443,1.5608,1.022,Up
509,2003,1.022,-1.043,-1.57,-1.402,-0.394,1.74455,-2.923,Down
510,2003,-2.923,1.022,-1.043,-1.57,-1.402,1.5748,-1.616,Down
511,2003,-1.616,-2.923,1.022,-1.043,-1.57,1.4359,1.305,Up
512,2003,1.305,-1.616,-2.923,1.022,-1.043,1.4591,0.6779999999999999,Up
513,2003,0.6779999999999999,1.305,-1.616,-2.923,1.022,1.5954,-2.285,Down
514,2003,-2.285,0.6779999999999999,1.305,-1.616,-2.923,1.5103,1.3130000000000002,Up
515,2003,1.3130000000000002,-2.285,0.6779999999999999,1.305,-1.616,1.57853,0.54,Up
516,2003,0.54,1.3130000000000002,-2.285,0.6779999999999999,1.305,1.2585,-1.409,Down
517,2003,-1.409,0.54,1.3130000000000002,-2.285,0.6779999999999999,1.4516,-0.544,Down
518,2003,-0.544,-1.409,0.54,1.3130000000000002,-2.285,1.4508,-0.645,Down
519,2003,-0.645,-0.544,-1.409,0.54,1.3130000000000002,1.4309,-1.009,Down
520,2003,-1.009,-0.645,-0.544,-1.409,0.54,1.2768,0.757,Up
521,2003,0.757,-1.009,-0.645,-0.544,-1.409,1.2382,-0.81,Down
522,2003,-0.81,0.757,-1.009,-0.645,-0.544,1.307,-1.269,Down
523,2003,-1.269,-0.81,0.757,-1.009,-0.645,1.2605,-0.16,Down
524,2003,-0.16,-1.269,-0.81,0.757,-1.009,1.4893,2.143,Up
525,2003,2.143,-0.16,-1.269,-0.81,0.757,1.4046,1.95,Up
526,2003,1.95,2.143,-0.16,-1.269,-0.81,1.2508,-0.71,Down
527,2003,-0.71,1.95,2.143,-0.16,-1.269,1.0756,-0.95,Down
528,2003,-0.95,-0.71,1.95,2.143,-0.16,1.1941,1.3219999999999998,Up
529,2003,1.3219999999999998,-0.95,-0.71,1.95,2.143,1.3982,-1.838,Down
530,2003,-1.838,1.3219999999999998,-0.95,-0.71,1.95,1.2292,0.7190000000000001,Up
531,2003,0.7190000000000001,-1.838,1.3219999999999998,-0.95,-0.71,1.4837,-1.314,Down
532,2003,-1.314,0.7190000000000001,-1.838,1.3219999999999998,-0.95,1.3744,1.176,Up
533,2003,1.176,-1.314,0.7190000000000001,-1.838,1.3219999999999998,1.2878,0.462,Up
534,2003,0.462,1.176,-1.314,0.7190000000000001,-1.838,1.3733,-0.754,Down
535,2003,-0.754,0.462,1.176,-1.314,0.7190000000000001,1.2089,-1.536,Down
536,2003,-1.536,-0.754,0.462,1.176,-1.314,1.2566,0.956,Up
537,2003,0.956,-1.536,-0.754,0.462,1.176,1.3327,-0.934,Down
538,2003,-0.934,0.956,-1.536,-0.754,0.462,1.2992,0.826,Up
539,2003,0.826,-0.934,0.956,-1.536,-0.754,1.3685,-2.583,Down
540,2003,-2.583,0.826,-0.934,0.956,-1.536,1.255,-0.836,Down
541,2003,-0.836,-2.583,0.826,-0.934,0.956,1.4277,0.4320000000000001,Up
542,2003,0.4320000000000001,-0.836,-2.583,0.826,-0.934,1.62,3.446,Up
543,2003,3.446,0.4320000000000001,-0.836,-2.583,0.826,1.8163,0.165,Up
544,2003,0.165,3.446,0.4320000000000001,-0.836,-2.583,1.5419,3.543,Up
545,2003,3.543,0.165,3.446,0.4320000000000001,-0.836,1.70042,0.424,Up
546,2003,0.424,3.543,0.165,3.446,0.4320000000000001,1.5551,0.8740000000000001,Up
547,2003,0.8740000000000001,0.424,3.543,0.165,3.446,1.4734,0.189,Up
548,2003,0.189,0.8740000000000001,0.424,3.543,0.165,1.4391,2.298,Up
549,2003,2.298,0.189,0.8740000000000001,0.424,3.543,1.88371,-3.523,Down
550,2003,-3.523,2.298,0.189,0.8740000000000001,0.424,1.293,1.216,Up
551,2003,1.216,-3.523,2.298,0.189,0.8740000000000001,1.3334,-0.5479999999999999,Down
552,2003,-0.5479999999999999,1.216,-3.523,2.298,0.189,1.3197,-0.16399999999999998,Down
553,2003,-0.16399999999999998,-0.5479999999999999,1.216,-3.523,2.298,1.2329,-0.578,Down
554,2003,-0.578,-0.16399999999999998,-0.5479999999999999,1.216,-3.523,1.227,-1.774,Down
555,2003,-1.774,-0.578,-0.16399999999999998,-0.5479999999999999,1.216,1.4955,1.214,Up
556,2003,1.214,-1.774,-0.578,-0.16399999999999998,-0.5479999999999999,1.4616,2.612,Up
557,2003,2.612,1.214,-1.774,-0.578,-0.16399999999999998,1.5898,-0.505,Down
558,2003,-0.505,2.612,1.214,-1.774,-0.578,1.3395,0.274,Up
559,2003,0.274,-0.505,2.612,1.214,-1.774,1.2412,0.123,Up
560,2003,0.123,0.274,-0.505,2.612,1.214,1.494,-0.18600000000000005,Down
561,2003,-0.18600000000000005,0.123,0.274,-0.505,2.612,1.2354,-1.4,Down
562,2003,-1.4,-0.18600000000000005,0.123,0.274,-0.505,1.2937,0.6459999999999999,Up
563,2003,0.6459999999999999,-1.4,-0.18600000000000005,0.123,0.274,1.2753,-0.376,Down
564,2003,-0.376,0.6459999999999999,-1.4,-0.18600000000000005,0.123,1.1416,1.95,Up
565,2003,1.95,-0.376,0.6459999999999999,-1.4,-0.18600000000000005,1.131,0.63,Up
566,2003,0.63,1.95,-0.376,0.6459999999999999,-1.4,1.4602,-1.224,Down
567,2003,-1.224,0.63,1.95,-0.376,0.6459999999999999,1.5876,1.554,Up
568,2003,1.554,-1.224,0.63,1.95,-0.376,1.4306,-0.17600000000000002,Down
569,2003,-0.17600000000000002,1.554,-1.224,0.63,1.95,1.1187,2.17,Up
570,2003,2.17,-0.17600000000000002,1.554,-1.224,0.63,1.6312,0.8390000000000001,Up
571,2003,0.8390000000000001,2.17,-0.17600000000000002,1.554,-1.224,1.6672,-0.826,Down
572,2003,-0.826,0.8390000000000001,2.17,-0.17600000000000002,1.554,1.6481,-1.385,Down
573,2003,-1.385,-0.826,0.8390000000000001,2.17,-0.17600000000000002,1.3358,1.783,Up
574,2003,1.783,-1.385,-0.826,0.8390000000000001,2.17,1.273,0.328,Up
575,2003,0.328,1.783,-1.385,-0.826,0.8390000000000001,1.5256,-0.1,Down
576,2003,-0.1,0.328,1.783,-1.385,-0.826,1.7885099999999998,-0.068,Down
577,2003,-0.068,-0.1,0.328,1.783,-1.385,1.3975,1.504,Up
578,2003,1.504,-0.068,-0.1,0.328,1.783,1.5543,-0.38,Down
579,2003,-0.38,1.504,-0.068,-0.1,0.328,1.4463,0.846,Up
580,2003,0.846,-0.38,1.504,-0.068,-0.1,1.6496,-0.51,Down
581,2003,-0.51,0.846,-0.38,1.504,-0.068,1.5319,-1.006,Down
582,2003,-1.006,-0.51,0.846,-0.38,1.504,1.3796,1.4280000000000002,Up
583,2003,1.4280000000000002,-1.006,-0.51,0.846,-0.38,1.3261,1.253,Up
584,2003,1.253,1.4280000000000002,-1.006,-0.51,0.846,1.3788,-0.297,Down
585,2003,-0.297,1.253,1.4280000000000002,-1.006,-0.51,1.4181,-0.32,Down
586,2003,-0.32,-0.297,1.253,1.4280000000000002,-1.006,1.4018,0.787,Up
587,2003,0.787,-0.32,-0.297,1.253,1.4280000000000002,1.5087,-0.25,Down
588,2003,-0.25,0.787,-0.32,-0.297,1.253,1.5055,-2.492,Down
589,2003,-2.492,-0.25,0.787,-0.32,-0.297,1.3757,-0.113,Down
590,2003,-0.113,-2.492,-0.25,0.787,-0.32,1.5053,0.401,Up
591,2003,0.401,-0.113,-2.492,-0.25,0.787,1.4578,0.915,Up
592,2003,0.915,0.401,-0.113,-2.492,-0.25,1.4485,0.145,Up
593,2003,0.145,0.915,0.401,-0.113,-2.492,1.2009999999999998,1.957,Up
594,2003,1.957,0.145,0.915,0.401,-0.113,1.5319999999999998,0.183,Up
595,2003,0.183,1.957,0.145,0.915,0.401,1.5590000000000002,-0.376,Down
596,2003,-0.376,0.183,1.957,0.145,0.915,1.6858,1.469,Up
597,2003,1.469,-0.376,0.183,1.957,0.145,1.6888,0.354,Up
598,2003,0.354,1.469,-0.376,0.183,1.957,1.6625,0.472,Up
599,2003,0.472,0.354,1.469,-0.376,0.183,1.4502,1.511,Up
600,2003,1.511,0.472,0.354,1.469,-0.376,1.6187,0.395,Up
601,2003,0.395,1.511,0.472,0.354,1.469,1.6931,-0.24,Down
602,2003,-0.24,0.395,1.511,0.472,0.354,1.8372,-1.198,Down
603,2003,-1.198,-0.24,0.395,1.511,0.472,1.307,0.913,Up
604,2003,0.913,-1.198,-0.24,0.395,1.511,1.2754,1.283,Up
605,2003,1.283,0.913,-1.198,-0.24,0.395,1.52,0.103,Up
606,2003,0.103,1.283,0.913,-1.198,-0.24,1.5531,-0.991,Down
607,2003,-0.991,0.103,1.283,0.913,-1.198,1.2716,2.238,Up
608,2003,2.238,-0.991,0.103,1.283,0.913,1.3459,0.091,Up
609,2003,0.091,2.238,-0.991,0.103,1.283,1.4797,-0.155,Down
610,2003,-0.155,0.091,2.238,-0.991,0.103,1.4889,-1.524,Down
611,2003,-1.524,-0.155,0.091,2.238,-0.991,1.5301,0.1,Up
612,2003,0.1,-1.524,-0.155,0.091,2.238,1.6980000000000002,-1.411,Down
613,2003,-1.411,0.1,-1.524,-0.155,0.091,1.3981,0.184,Up
614,2003,0.184,-1.411,0.1,-1.524,-0.155,1.3883,-0.8270000000000001,Down
615,2003,-0.8270000000000001,0.184,-1.411,0.1,-1.524,1.4592,1.077,Up
616,2003,1.077,-0.8270000000000001,0.184,-1.411,0.1,1.3874,-0.974,Down
617,2003,-0.974,1.077,-0.8270000000000001,0.184,-1.411,1.2678,-0.17600000000000002,Down
618,2003,-0.17600000000000002,-0.974,1.077,-0.8270000000000001,0.184,1.5872,0.802,Up
619,2003,0.802,-0.17600000000000002,-0.974,1.077,-0.8270000000000001,1.4602,1.164,Up
620,2003,1.164,0.802,-0.17600000000000002,-0.974,1.077,1.5193,-0.81,Down
621,2003,-0.81,1.164,0.802,-0.17600000000000002,-0.974,0.7759,1.899,Up
622,2003,1.899,-0.81,1.164,0.802,-0.17600000000000002,1.4291,0.34,Up
623,2003,0.34,1.899,-0.81,1.164,0.802,1.5657,-0.5589999999999999,Down
624,2003,-0.5589999999999999,0.34,1.899,-0.81,1.164,1.618,-1.348,Down
625,2003,-1.348,-0.5589999999999999,0.34,1.899,-0.81,1.4657,0.955,Up
626,2003,0.955,-1.348,-0.5589999999999999,0.34,1.899,1.2127,0.573,Up
627,2003,0.573,0.955,-1.348,-0.5589999999999999,0.34,1.4489,-0.343,Down
628,2003,-0.343,0.573,0.955,-1.348,-0.5589999999999999,1.5186,-0.633,Down
629,2003,-0.633,-0.343,0.573,0.955,-1.348,1.662,-1.243,Down
630,2003,-1.243,-0.633,-0.343,0.573,0.955,1.6614,1.181,Up
631,2003,1.181,-1.243,-0.633,-0.343,0.573,1.3652,-1.462,Down
632,2003,-1.462,1.181,-1.243,-0.633,-0.343,1.2542,0.951,Up
633,2003,0.951,-1.462,1.181,-1.243,-0.633,1.4397,0.051,Up
634,2003,0.051,0.951,-1.462,1.181,-1.243,1.3627,-0.7090000000000001,Down
635,2003,-0.7090000000000001,0.051,0.951,-1.462,1.181,1.5590000000000002,1.74,Up
636,2003,1.74,-0.7090000000000001,0.051,0.951,-1.462,1.3975,-0.21600000000000005,Down
637,2003,-0.21600000000000005,1.74,-0.7090000000000001,0.051,0.951,1.3286,-0.727,Down
638,2003,-0.727,-0.21600000000000005,1.74,-0.7090000000000001,0.051,1.5089,-0.181,Down
639,2003,-0.181,-0.727,-0.21600000000000005,1.74,-0.7090000000000001,1.3919,0.28600000000000003,Up
640,2003,0.28600000000000003,-0.181,-0.727,-0.21600000000000005,1.74,1.608,-1.026,Down
641,2003,-1.026,0.28600000000000003,-0.181,-0.727,-0.21600000000000005,1.3906,0.272,Up
642,2003,0.272,-1.026,0.28600000000000003,-0.181,-0.727,1.3187,-1.766,Down
643,2003,-1.766,0.272,-1.026,0.28600000000000003,-0.181,1.3517,0.168,Up
644,2003,0.168,-1.766,0.272,-1.026,0.28600000000000003,1.491,0.728,Up
645,2003,0.728,0.168,-1.766,0.272,-1.026,1.3893,0.35600000000000004,Up
646,2003,0.35600000000000004,0.728,0.168,-1.766,0.272,1.0866,0.307,Up
647,2003,0.307,0.35600000000000004,0.728,0.168,-1.766,1.0222,0.995,Up
648,2003,0.995,0.307,0.35600000000000004,0.728,0.168,1.1323,-0.638,Down
649,2003,-0.638,0.995,0.307,0.35600000000000004,0.728,1.2088,0.659,Up
650,2003,0.659,-0.638,0.995,0.307,0.35600000000000004,1.1868,0.016,Up
651,2003,0.016,0.659,-0.638,0.995,0.307,0.63637,0.916,Up
652,2003,0.916,0.016,0.659,-0.638,0.995,1.1276,0.261,Up
653,2003,0.261,0.916,0.016,0.659,-0.638,1.3006,-0.205,Down
654,2003,-0.205,0.261,0.916,0.016,0.659,1.2108,0.297,Up
655,2003,0.297,-0.205,0.261,0.916,0.016,1.4071,-1.018,Down
656,2003,-1.018,0.297,-0.205,0.261,0.916,1.3089,0.065,Up
657,2003,0.065,-1.018,0.297,-0.205,0.261,0.9717,0.304,Up
658,2003,0.304,0.065,-1.018,0.297,-0.205,1.1787,0.006,Up
659,2003,0.006,0.304,0.065,-1.018,0.297,1.0514,0.607,Up
660,2003,0.607,0.006,0.304,0.065,-1.018,1.1652,0.516,Up
661,2003,0.516,0.607,0.006,0.304,0.065,0.9451,1.3869999999999998,Up
662,2003,1.3869999999999998,0.516,0.607,0.006,0.304,1.4705,0.419,Up
663,2003,0.419,1.3869999999999998,0.516,0.607,0.006,1.6756,0.166,Up
664,2003,0.166,0.419,1.3869999999999998,0.516,0.607,1.4539,-0.64,Down
665,2003,-0.64,0.166,0.419,1.3869999999999998,0.516,1.4652,1.004,Up
666,2003,1.004,-0.64,0.166,0.419,1.3869999999999998,1.2993,-0.821,Down
667,2003,-0.821,1.004,-0.64,0.166,0.419,1.4148,-1.197,Down
668,2003,-1.197,-0.821,1.004,-0.64,0.166,1.5821,0.544,Up
669,2003,0.544,-1.197,-0.821,1.004,-0.64,1.3359,0.217,Up
670,2003,0.217,0.544,-1.197,-0.821,1.004,1.2367,-0.375,Down
671,2003,-0.375,0.217,0.544,-1.197,-0.821,1.1513,1.43,Up
672,2003,1.43,-0.375,0.217,0.544,-1.197,1.4032,-0.325,Down
673,2003,-0.325,1.43,-0.375,0.217,0.544,1.33821,1.327,Up
674,2003,1.327,-0.325,1.43,-0.375,0.217,1.4988,-0.316,Down
675,2003,-0.316,1.327,-0.325,1.43,-0.375,1.5186,-1.301,Down
676,2003,-1.301,-0.316,1.327,-0.325,1.43,1.2788,0.607,Up
677,2003,0.607,-1.301,-0.316,1.327,-0.325,1.3017,-1.91,Down
678,2003,-1.91,0.607,-1.301,-0.316,1.327,1.556,-0.605,Down
679,2003,-0.605,-1.91,0.607,-1.301,-0.316,1.53,-0.64,Down
680,2003,-0.64,-0.605,-1.91,0.607,-1.301,1.4725,0.976,Up
681,2003,0.976,-0.64,-0.605,-1.91,0.607,1.3665,-1.054,Down
682,2003,-1.054,0.976,-0.64,-0.605,-1.91,1.5905,2.234,Up
683,2003,2.234,-1.054,0.976,-0.64,-0.605,1.5663,0.198,Up
684,2003,0.198,2.234,-1.054,0.976,-0.64,1.2693,0.942,Up
685,2003,0.942,0.198,2.234,-1.054,0.976,1.5705,0.4370000000000001,Up
686,2003,0.4370000000000001,0.942,0.198,2.234,-1.054,1.0258,0.474,Up
687,2003,0.474,0.4370000000000001,0.942,0.198,2.234,1.2795,-0.526,Down
688,2003,-0.526,0.474,0.4370000000000001,0.942,0.198,1.2625,0.479,Up
689,2003,0.479,-0.526,0.474,0.4370000000000001,0.942,1.5787,-0.065,Down
690,2003,-0.065,0.479,-0.526,0.474,0.4370000000000001,1.1081,0.7020000000000001,Up
691,2003,0.7020000000000001,-0.065,0.479,-0.526,0.474,1.0405,0.395,Up
692,2003,0.395,0.7020000000000001,-0.065,0.479,-0.526,1.2719,-0.259,Down
693,2003,-0.259,0.395,0.7020000000000001,-0.065,0.479,1.5211,0.316,Up
694,2003,0.316,-0.259,0.395,0.7020000000000001,-0.065,1.4177,-1.024,Down
695,2003,-1.024,0.316,-0.259,0.395,0.7020000000000001,1.352,0.516,Up
696,2003,0.516,-1.024,0.316,-0.259,0.395,1.1726,0.129,Up
697,2003,0.129,0.516,-1.024,0.316,-0.259,1.4980000000000002,-1.4980000000000002,Down
698,2003,-1.4980000000000002,0.129,0.516,-1.024,0.316,1.6472,0.331,Up
699,2003,0.331,-1.4980000000000002,0.129,0.516,-1.024,1.6043,-0.47,Down
700,2003,-0.47,0.331,-1.4980000000000002,0.129,0.516,1.4203,0.21600000000000005,Up
701,2003,0.21600000000000005,-0.47,0.331,-1.4980000000000002,0.129,1.3718,1.519,Up
702,2003,1.519,0.21600000000000005,-0.47,0.331,-1.4980000000000002,1.6292,0.126,Up
703,2003,0.126,1.519,0.21600000000000005,-0.47,0.331,1.5626,-0.112,Down
704,2003,-0.112,0.126,1.519,0.21600000000000005,-0.47,1.6297,0.36,Up
705,2003,0.36,-0.112,0.126,1.519,0.21600000000000005,1.4989,0.7909999999999999,Up
706,2003,0.7909999999999999,0.36,-0.112,0.126,1.519,1.3782,-0.545,Down
707,2003,-0.545,0.7909999999999999,0.36,-0.112,0.126,1.4176,-0.13699999999999998,Down
708,2003,-0.13699999999999998,-0.545,0.7909999999999999,0.36,-0.112,1.4018,0.593,Up
709,2003,0.593,-0.13699999999999998,-0.545,0.7909999999999999,0.36,1.4539,-0.457,Down
710,2003,-0.457,0.593,-0.13699999999999998,-0.545,0.7909999999999999,1.4405,-0.579,Down
711,2003,-0.579,-0.457,0.593,-0.13699999999999998,-0.545,1.2436,-0.052000000000000005,Down
712,2003,-0.052000000000000005,-0.579,-0.457,0.593,-0.13699999999999998,1.1625,1.143,Up
713,2003,1.143,-0.052000000000000005,-0.579,-0.457,0.593,1.3493,-0.011,Down
714,2003,-0.011,1.143,-0.052000000000000005,-0.579,-0.457,1.383,-0.762,Down
715,2003,-0.762,-0.011,1.143,-0.052000000000000005,-0.579,1.3561,-0.64,Down
716,2003,-0.64,-0.762,-0.011,1.143,-0.052000000000000005,1.3743,-0.908,Down
717,2003,-0.908,-0.64,-0.762,-0.011,1.143,1.3543,0.802,Up
718,2003,0.802,-0.908,-0.64,-0.762,-0.011,1.3262,-0.843,Down
719,2003,-0.843,0.802,-0.908,-0.64,-0.762,1.3267,0.158,Up
720,2003,0.158,-0.843,0.802,-0.908,-0.64,1.2738,1.6230000000000002,Up
721,2003,1.6230000000000002,0.158,-0.843,0.802,-0.908,1.3028,0.172,Up
722,2003,0.172,1.6230000000000002,0.158,-0.843,0.802,1.3337,0.433,Up
723,2003,0.433,0.172,1.6230000000000002,0.158,-0.843,1.0977,-0.024,Down
724,2003,-0.024,0.433,0.172,1.6230000000000002,0.158,0.48722,1.126,Up
725,2003,1.126,-0.024,0.433,0.172,1.6230000000000002,1.375,-0.327,Down
726,2003,-0.327,1.126,-0.024,0.433,0.172,1.3832,-0.177,Down
727,2003,-0.177,-0.327,1.126,-0.024,0.433,1.4417,0.469,Up
728,2003,0.469,-0.177,-0.327,1.126,-0.024,1.4631,-0.768,Down
729,2003,-0.768,0.469,-0.177,-0.327,1.126,1.2659,0.735,Up
730,2003,0.735,-0.768,0.469,-0.177,-0.327,1.2189,-0.853,Down
731,2003,-0.853,0.735,-0.768,0.469,-0.177,1.4655,-0.107,Down
732,2003,-0.107,-0.853,0.735,-0.768,0.469,1.444,1.148,Up
733,2003,1.148,-0.107,-0.853,0.735,-0.768,1.4411,0.274,Up
734,2003,0.274,1.148,-0.107,-0.853,0.735,1.2231,-0.568,Down
735,2003,-0.568,0.274,1.148,-0.107,-0.853,1.5208,0.664,Up
736,2003,0.664,-0.568,0.274,1.148,-0.107,1.5479,0.126,Up
737,2003,0.126,0.664,-0.568,0.274,1.148,1.4417,1.18,Up
738,2003,1.18,0.126,0.664,-0.568,0.274,1.5799,-0.048,Down
739,2003,-0.048,1.18,0.126,0.664,-0.568,1.6573,0.393,Up
740,2003,0.393,-0.048,1.18,0.126,0.664,1.2517,0.282,Up
741,2003,0.282,0.393,-0.048,1.18,0.126,1.1453,-0.181,Down
742,2003,-0.181,0.282,0.393,-0.048,1.18,0.5180600000000001,0.16899999999999998,Up
743,2003,0.16899999999999998,-0.181,0.282,0.393,-0.048,0.35607,1.24,Up
744,2003,1.24,0.16899999999999998,-0.181,0.282,0.393,1.0588,0.014,Up
745,2003,0.014,1.24,0.16899999999999998,-0.181,0.282,1.0126,0.205,Up
746,2004,0.205,0.014,1.24,0.16899999999999998,-0.181,1.0275,-0.309,Down
747,2004,-0.309,0.205,0.014,1.24,0.16899999999999998,1.1532,1.24,Up
748,2004,1.24,-0.309,0.205,0.014,1.24,1.5782,0.129,Up
749,2004,0.129,1.24,-0.309,0.205,0.014,1.4945,0.237,Up
750,2004,0.237,0.129,1.24,-0.309,0.205,1.7049,0.496,Up
751,2004,0.496,0.237,0.129,1.24,-0.309,1.8684,-0.889,Down
752,2004,-0.889,0.496,0.237,0.129,1.24,1.7207,0.479,Up
753,2004,0.479,-0.889,0.496,0.237,0.129,1.5102,-0.5329999999999999,Down
754,2004,-0.5329999999999999,0.479,-0.889,0.496,0.237,1.5959,0.8290000000000001,Up
755,2004,0.8290000000000001,-0.5329999999999999,0.479,-0.889,0.496,1.5146,0.135,Up
756,2004,0.135,0.8290000000000001,-0.5329999999999999,0.479,-0.889,1.695,0.687,Up
757,2004,0.687,0.135,0.8290000000000001,-0.5329999999999999,0.479,1.7211,-0.093,Down
758,2004,-0.093,0.687,0.135,0.8290000000000001,-0.5329999999999999,1.6982,0.777,Up
759,2004,0.777,-0.093,0.687,0.135,0.8290000000000001,1.7576,-0.321,Down
760,2004,-0.321,0.777,-0.093,0.687,0.135,1.6937,-0.209,Down
761,2004,-0.209,-0.321,0.777,-0.093,0.687,1.5612,1.211,Up
762,2004,1.211,-0.209,-0.321,0.777,-0.093,1.4806,-0.98,Down
763,2004,-0.98,1.211,-0.209,-0.321,0.777,1.6731,-1.361,Down
764,2004,-1.361,-0.98,1.211,-0.209,-0.321,1.842,0.499,Up
765,2004,0.499,-1.361,-0.98,1.211,-0.209,1.9219,-0.263,Down
766,2004,-0.263,0.499,-1.361,-0.98,1.211,1.635,0.365,Up
767,2004,0.365,-0.263,0.499,-1.361,-0.98,1.5992,0.068,Up
768,2004,0.068,0.365,-0.263,0.499,-1.361,1.4769,-0.8370000000000001,Down
769,2004,-0.8370000000000001,0.068,0.365,-0.263,0.499,1.6348,0.184,Up
770,2004,0.184,-0.8370000000000001,0.068,0.365,-0.263,1.5666,1.256,Up
771,2004,1.256,0.184,-0.8370000000000001,0.068,0.365,1.4776,-0.258,Down
772,2004,-0.258,1.256,0.184,-0.8370000000000001,0.068,1.3035,0.503,Up
773,2004,0.503,-0.258,1.256,0.184,-0.8370000000000001,1.4039,1.067,Up
774,2004,1.067,0.503,-0.258,1.256,0.184,1.6993,-0.488,Down
775,2004,-0.488,1.067,0.503,-0.258,1.256,1.4643,-0.547,Down
776,2004,-0.547,-0.488,1.067,0.503,-0.258,1.3292,0.976,Up
777,2004,0.976,-0.547,-0.488,1.067,0.503,1.3965,-0.447,Down
778,2004,-0.447,0.976,-0.547,-0.488,1.067,1.3824,-0.413,Down
779,2004,-0.413,-0.447,0.976,-0.547,-0.488,1.5628,-0.257,Down
780,2004,-0.257,-0.413,-0.447,0.976,-0.547,1.4796,-0.273,Down
781,2004,-0.273,-0.257,-0.413,-0.447,0.976,1.3804,-0.16699999999999998,Down
782,2004,-0.16699999999999998,-0.273,-0.257,-0.413,-0.447,1.5436,0.402,Up
783,2004,0.402,-0.16699999999999998,-0.273,-0.257,-0.413,1.3607,0.108,Up
784,2004,0.108,0.402,-0.16699999999999998,-0.273,-0.257,1.3839,0.003,Up
785,2004,0.003,0.108,0.402,-0.16699999999999998,-0.273,1.5404,0.963,Up
786,2004,0.963,0.003,0.108,0.402,-0.16699999999999998,1.4971,-0.594,Down
787,2004,-0.594,0.963,0.003,0.108,0.402,1.476,0.168,Up
788,2004,0.168,-0.594,0.963,0.003,0.108,1.3345,0.334,Up
789,2004,0.334,0.168,-0.594,0.963,0.003,1.2658,0.172,Up
790,2004,0.172,0.334,0.168,-0.594,0.963,1.3982,-0.835,Down
791,2004,-0.835,0.172,0.334,0.168,-0.594,1.2544,-0.5770000000000001,Down
792,2004,-0.5770000000000001,-0.835,0.172,0.334,0.168,1.4994,-1.463,Down
793,2004,-1.463,-0.5770000000000001,-0.835,0.172,0.334,1.6484,-1.5219999999999998,Down
794,2004,-1.5219999999999998,-1.463,-0.5770000000000001,-0.835,0.172,1.8899,1.246,Up
795,2004,1.246,-1.5219999999999998,-1.463,-0.5770000000000001,-0.835,1.3885,-1.435,Down
796,2004,-1.435,1.246,-1.5219999999999998,-1.463,-0.5770000000000001,1.6006,0.562,Up
797,2004,0.562,-1.435,1.246,-1.5219999999999998,-1.463,1.5007,1.175,Up
798,2004,1.175,0.562,-1.435,1.246,-1.5219999999999998,1.4901,-0.127,Down
799,2004,-0.127,1.175,0.562,-1.435,1.246,1.3692,-1.117,Down
800,2004,-1.117,-0.127,1.175,0.562,-1.435,1.4574,-1.296,Down
801,2004,-1.296,-1.117,-0.127,1.175,0.562,1.4523,-0.132,Down
802,2004,-0.132,-1.296,-1.117,-0.127,1.175,1.4582,-0.239,Down
803,2004,-0.239,-0.132,-1.296,-1.117,-0.127,1.5278,1.6369999999999998,Up
804,2004,1.6369999999999998,-0.239,-0.132,-1.296,-1.117,1.4717,-0.102,Down
805,2004,-0.102,1.6369999999999998,-0.239,-0.132,-1.296,1.3191,1.3,Up
806,2004,1.3,-0.102,1.6369999999999998,-0.239,-0.132,1.4055,0.404,Up
807,2004,0.404,1.3,-0.102,1.6369999999999998,-0.239,1.3324,-0.07,Down
808,2004,-0.07,0.404,1.3,-0.102,1.6369999999999998,1.5607,0.529,Up
809,2004,0.529,-0.07,0.404,1.3,-0.102,1.5607,0.851,Up
810,2004,0.851,0.529,-0.07,0.404,1.3,1.6292,0.767,Up
811,2004,0.767,0.851,0.529,-0.07,0.404,1.4137,-0.209,Down
812,2004,-0.209,0.767,0.851,0.529,-0.07,1.3977,-0.665,Down
813,2004,-0.665,-0.209,0.767,0.851,0.529,1.4588,-0.106,Down
814,2004,-0.106,-0.665,-0.209,0.767,0.851,1.1998,0.516,Up
815,2004,0.516,-0.106,-0.665,-0.209,0.767,1.1024,-1.376,Down
816,2004,-1.376,0.516,-0.106,-0.665,-0.209,1.4232,-0.112,Down
817,2004,-0.112,-1.376,0.516,-0.106,-0.665,1.5477,0.059,Up
818,2004,0.059,-0.112,-1.376,0.516,-0.106,1.5687,0.511,Up
819,2004,0.511,0.059,-0.112,-1.376,0.516,1.4878,0.107,Up
820,2004,0.107,0.511,0.059,-0.112,-1.376,1.1949,-1.556,Down
821,2004,-1.556,0.107,0.511,0.059,-0.112,1.5085,0.531,Up
822,2004,0.531,-1.556,0.107,0.511,0.059,1.7381,1.409,Up
823,2004,1.409,0.531,-1.556,0.107,0.511,1.8267,0.059,Up
824,2004,0.059,1.409,0.531,-1.556,0.107,1.3961,-0.445,Down
825,2004,-0.445,0.059,1.409,0.531,-1.556,1.2906,0.227,Up
826,2004,0.227,-0.445,0.059,1.409,0.531,1.518,-1.379,Down
827,2004,-1.379,0.227,-0.445,0.059,1.409,1.8556,-0.759,Down
828,2004,-0.759,-1.379,0.227,-0.445,0.059,1.859,-0.5920000000000001,Down
829,2004,-0.5920000000000001,-0.759,-1.379,0.227,-0.445,1.6347,0.92,Up
830,2004,0.92,-0.5920000000000001,-0.759,-1.379,0.227,1.5716,0.184,Up
831,2004,0.184,0.92,-0.5920000000000001,-0.759,-1.379,1.6621,0.177,Up
832,2004,0.177,0.184,0.92,-0.5920000000000001,-0.759,1.469,-0.672,Down
833,2004,-0.672,0.177,0.184,0.92,-0.5920000000000001,1.5093,-1.3730000000000002,Down
834,2004,-1.3730000000000002,-0.672,0.177,0.184,0.92,1.6536,-1.054,Down
835,2004,-1.054,-1.3730000000000002,-0.672,0.177,0.184,1.9184,0.7659999999999999,Up
836,2004,0.7659999999999999,-1.054,-1.3730000000000002,-0.672,0.177,1.5338,0.16699999999999998,Up
837,2004,0.16699999999999998,0.7659999999999999,-1.054,-1.3730000000000002,-0.672,1.6976,-0.077,Down
838,2004,-0.077,0.16699999999999998,0.7659999999999999,-1.054,-1.3730000000000002,1.4111,-0.067,Down
839,2004,-0.067,-0.077,0.16699999999999998,0.7659999999999999,-1.054,1.3359,-1.0590000000000002,Down
840,2004,-1.0590000000000002,-0.067,-0.077,0.16699999999999998,0.7659999999999999,1.4301,0.682,Up
841,2004,0.682,-1.0590000000000002,-0.067,-0.077,0.16699999999999998,1.3530000000000002,-0.257,Down
842,2004,-0.257,0.682,-1.0590000000000002,-0.067,-0.077,1.5486,0.047,Up
843,2004,0.047,-0.257,0.682,-1.0590000000000002,-0.067,1.211,0.401,Up
844,2004,0.401,0.047,-0.257,0.682,-1.0590000000000002,1.2586,0.16899999999999998,Up
845,2004,0.16899999999999998,0.401,0.047,-0.257,0.682,1.2275,1.61,Up
846,2004,1.61,0.16899999999999998,0.401,0.047,-0.257,1.5457,0.17,Up
847,2004,0.17,1.61,0.16899999999999998,0.401,0.047,1.3694,0.569,Up
848,2004,0.569,0.17,1.61,0.16899999999999998,0.401,1.4475,-0.054000000000000006,Down
849,2004,-0.054000000000000006,0.569,0.17,1.61,0.16899999999999998,1.1726,0.046,Up
850,2004,0.046,-0.054000000000000006,0.569,0.17,1.61,1.238,0.338,Up
851,2004,0.338,0.046,-0.054000000000000006,0.569,0.17,1.2517,-0.742,Down
852,2004,-0.742,0.338,0.046,-0.054000000000000006,0.569,1.2324,0.525,Up
853,2004,0.525,-0.742,0.338,0.046,-0.054000000000000006,1.1153,1.596,Up
854,2004,1.596,0.525,-0.742,0.338,0.046,1.2118,0.154,Up
855,2004,0.154,1.596,0.525,-0.742,0.338,1.1903,-0.95,Down
856,2004,-0.95,0.154,1.596,0.525,-0.742,1.2768,0.454,Up
857,2004,0.454,-0.95,0.154,1.596,0.525,1.1606,-0.984,Down
858,2004,-0.984,0.454,-0.95,0.154,1.596,1.1794,0.597,Up
859,2004,0.597,-0.984,0.454,-0.95,0.154,1.3459,0.13699999999999998,Up
860,2004,0.13699999999999998,0.597,-0.984,0.454,-0.95,1.1684,-0.133,Down
861,2004,-0.133,0.13699999999999998,0.597,-0.984,0.454,1.2967,0.262,Up
862,2004,0.262,-0.133,0.13699999999999998,0.597,-0.984,1.5006,-0.416,Down
863,2004,-0.416,0.262,-0.133,0.13699999999999998,0.597,1.1239,0.364,Up
864,2004,0.364,-0.416,0.262,-0.133,0.13699999999999998,1.3823,0.851,Up
865,2004,0.851,0.364,-0.416,0.262,-0.133,1.4442,-0.298,Down
866,2004,-0.298,0.851,0.364,-0.416,0.262,1.3949,-0.545,Down
867,2004,-0.545,-0.298,0.851,0.364,-0.416,1.8129,-0.095,Down
868,2004,-0.095,-0.545,-0.298,0.851,0.364,1.3546,0.251,Up
869,2004,0.251,-0.095,-0.545,-0.298,0.851,1.375,0.408,Up
870,2004,0.408,0.251,-0.095,-0.545,-0.298,1.4738,-1.043,Down
871,2004,-1.043,0.408,0.251,-0.095,-0.545,1.4957,-0.315,Down
872,2004,-0.315,-1.043,0.408,0.251,-0.095,1.085,-0.815,Down
873,2004,-0.815,-0.315,-1.043,0.408,0.251,1.2833,0.19,Up
874,2004,0.19,-0.815,-0.315,-1.043,0.408,1.3286,-0.8240000000000001,Down
875,2004,-0.8240000000000001,0.19,-0.815,-0.315,-1.043,1.4011,0.334,Up
876,2004,0.334,-0.8240000000000001,0.19,-0.815,-0.315,1.1863,0.138,Up
877,2004,0.138,0.334,-0.8240000000000001,0.19,-0.815,1.1146,0.071,Up
878,2004,0.071,0.138,0.334,-0.8240000000000001,0.19,1.1997,-0.329,Down
879,2004,-0.329,0.071,0.138,0.334,-0.8240000000000001,1.462,-0.43,Down
880,2004,-0.43,-0.329,0.071,0.138,0.334,1.4087,-0.479,Down
881,2004,-0.479,-0.43,-0.329,0.071,0.138,1.4503,-0.044,Down
882,2004,-0.044,-0.479,-0.43,-0.329,0.071,1.3199,0.706,Up
883,2004,0.706,-0.044,-0.479,-0.43,-0.329,1.4458,-1.334,Down
884,2004,-1.334,0.706,-0.044,-0.479,-0.43,1.6795,0.271,Up
885,2004,0.271,-1.334,0.706,-0.044,-0.479,1.6808,-0.97,Down
886,2004,-0.97,0.271,-1.334,0.706,-0.044,1.3375,-0.196,Down
887,2004,-0.196,-0.97,0.271,-1.334,0.706,1.4134,0.993,Up
888,2004,0.993,-0.196,-0.97,0.271,-1.334,1.6108,0.054000000000000006,Up
889,2004,0.054000000000000006,0.993,-0.196,-0.97,0.271,1.5543,0.457,Up
890,2004,0.457,0.054000000000000006,0.993,-0.196,-0.97,1.5301,0.117,Up
891,2004,0.117,0.457,0.054000000000000006,0.993,-0.196,1.2982,0.445,Up
892,2004,0.445,0.117,0.457,0.054000000000000006,0.993,1.276,-0.626,Down
893,2004,-0.626,0.445,0.117,0.457,0.054000000000000006,1.3383,-0.096,Down
894,2004,-0.096,-0.626,0.445,0.117,0.457,1.3692,-1.632,Down
895,2004,-1.632,-0.096,-0.626,0.445,0.117,1.3974,-1.548,Down
896,2004,-1.548,-1.632,-0.096,-0.626,0.445,1.521,0.117,Up
897,2004,0.117,-1.548,-1.632,-0.096,-0.626,1.086,1.297,Up
898,2004,1.297,0.117,-1.548,-1.632,-0.096,1.2456,-0.301,Down
899,2004,-0.301,1.297,0.117,-1.548,-1.632,1.4104,-1.168,Down
900,2004,-1.168,-0.301,1.297,0.117,-1.548,1.4051,0.14800000000000002,Up
901,2004,0.14800000000000002,-1.168,-0.301,1.297,0.117,1.1751,1.366,Up
902,2004,1.366,0.14800000000000002,-1.168,-0.301,1.297,1.2062,0.22,Up
903,2004,0.22,1.366,0.14800000000000002,-1.168,-0.301,1.2678,1.244,Up
904,2004,1.244,0.22,1.366,0.14800000000000002,-1.168,1.2825,-0.36,Down
905,2004,-0.36,1.244,0.22,1.366,0.14800000000000002,1.2494,0.652,Up
906,2004,0.652,-0.36,1.244,0.22,1.366,1.1999,-0.243,Down
907,2004,-0.243,0.652,-0.36,1.244,0.22,1.0219,0.047,Up
908,2004,0.047,-0.243,0.652,-0.36,1.244,1.0925,0.8,Up
909,2004,0.8,0.047,-0.243,0.652,-0.36,1.1922,0.012,Up
910,2004,0.012,0.8,0.047,-0.243,0.652,1.0236,0.243,Up
911,2004,0.243,0.012,0.8,0.047,-0.243,0.8454,-0.778,Down
912,2004,-0.778,0.243,0.012,0.8,0.047,0.8431,0.463,Up
913,2004,0.463,-0.778,0.243,0.012,0.8,1.1382,0.151,Up
914,2004,0.151,0.463,-0.778,0.243,0.012,1.1421,1.121,Up
915,2004,1.121,0.151,0.463,-0.778,0.243,1.1184,-0.418,Down
916,2004,-0.418,1.121,0.151,0.463,-0.778,0.92417,0.6890000000000001,Up
917,2004,0.6890000000000001,-0.418,1.121,0.151,0.463,1.2144,-0.449,Down
918,2004,-0.449,0.6890000000000001,-0.418,1.121,0.151,1.2463,0.189,Up
919,2004,0.189,-0.449,0.6890000000000001,-0.418,1.121,1.3713,0.495,Up
920,2004,0.495,0.189,-0.449,0.6890000000000001,-0.418,1.2612,0.16899999999999998,Up
921,2004,0.16899999999999998,0.495,0.189,-0.449,0.6890000000000001,1.2998,0.223,Up
922,2004,0.223,0.16899999999999998,0.495,0.189,-0.449,1.2045,-0.705,Down
923,2004,-0.705,0.223,0.16899999999999998,0.495,0.189,1.256,0.279,Up
924,2004,0.279,-0.705,0.223,0.16899999999999998,0.495,1.1139,0.449,Up
925,2004,0.449,0.279,-0.705,0.223,0.16899999999999998,1.4226,-0.563,Down
926,2004,-0.563,0.449,0.279,-0.705,0.223,1.1976,0.633,Up
927,2004,0.633,-0.563,0.449,0.279,-0.705,1.325,-1.394,Down
928,2004,-1.394,0.633,-0.563,0.449,0.279,1.3799,-0.467,Down
929,2004,-0.467,-1.394,0.633,-0.563,0.449,1.2863,0.158,Up
930,2004,0.158,-0.467,-1.394,0.633,-0.563,1.2554,-0.594,Down
931,2004,-0.594,0.158,-0.467,-1.394,0.633,1.2635,0.593,Up
932,2004,0.593,-0.594,0.158,-0.467,-1.394,1.3966,0.4270000000000001,Up
933,2004,0.4270000000000001,0.593,-0.594,0.158,-0.467,1.4029,-0.02,Down
934,2004,-0.02,0.4270000000000001,0.593,-0.594,0.158,1.7480000000000002,1.518,Up
935,2004,1.518,-0.02,0.4270000000000001,0.593,-0.594,1.5822,0.324,Up
936,2004,0.324,1.518,-0.02,0.4270000000000001,0.593,1.534,-0.061,Down
937,2004,-0.061,0.324,1.518,-0.02,0.4270000000000001,1.4184,0.667,Up
938,2004,0.667,-0.061,0.324,1.518,-0.02,1.4167,-0.998,Down
939,2004,-0.998,0.667,-0.061,0.324,1.518,1.4475,-0.753,Down
940,2004,-0.753,-0.998,0.667,-0.061,0.324,1.2916,0.201,Up
941,2004,0.201,-0.753,-0.998,0.667,-0.061,0.9438,-0.227,Down
942,2004,-0.227,0.201,-0.753,-0.998,0.667,1.3201,-0.73,Down
943,2004,-0.73,-0.227,0.201,-0.753,-0.998,1.5462,-0.93,Down
944,2004,-0.93,-0.73,-0.227,0.201,-0.753,1.4895,0.445,Up
945,2004,0.445,-0.93,-0.73,-0.227,0.201,1.6451,0.525,Up
946,2004,0.525,0.445,-0.93,-0.73,-0.227,1.3733,-0.969,Down
947,2004,-0.969,0.525,0.445,-0.93,-0.73,1.7375,0.039,Up
948,2004,0.039,-0.969,0.525,0.445,-0.93,1.6857,0.256,Up
949,2004,0.256,0.039,-0.969,0.525,0.445,1.673,-0.972,Down
950,2004,-0.972,0.256,0.039,-0.969,0.525,1.4696,-0.086,Down
951,2004,-0.086,-0.972,0.256,0.039,-0.969,1.3805,1.4880000000000002,Up
952,2004,1.4880000000000002,-0.086,-0.972,0.256,0.039,1.6854,1.288,Up
953,2004,1.288,1.4880000000000002,-0.086,-0.972,0.256,1.7419,0.181,Up
954,2004,0.181,1.288,1.4880000000000002,-0.086,-0.972,1.6282,0.245,Up
955,2004,0.245,0.181,1.288,1.4880000000000002,-0.086,1.5008,0.027000000000000003,Up
956,2004,0.027000000000000003,0.245,0.181,1.288,1.4880000000000002,1.3959,0.004,Up
957,2004,0.004,0.027000000000000003,0.245,0.181,1.288,1.659,1.118,Up
958,2004,1.118,0.004,0.027000000000000003,0.245,0.181,1.7675,1.616,Up
959,2004,1.616,1.118,0.004,0.027000000000000003,0.245,1.7827,0.387,Up
960,2004,0.387,1.616,1.118,0.004,0.027000000000000003,1.7244,-0.11,Down
961,2004,-0.11,0.387,1.616,1.118,0.004,1.3587,-0.07,Down
962,2004,-0.07,-0.11,0.387,1.616,1.118,1.4508,-0.101,Down
963,2004,-0.101,-0.07,-0.11,0.387,1.616,1.5043,0.909,Up
964,2004,0.909,-0.101,-0.07,-0.11,0.387,1.393,0.911,Up
965,2004,0.911,0.909,-0.101,-0.07,-0.11,1.5316,-0.03,Down
966,2004,-0.03,0.911,0.909,-0.101,-0.07,1.4533,-0.708,Down
967,2004,-0.708,-0.03,0.911,0.909,-0.101,1.3644,0.5539999999999999,Up
968,2004,0.5539999999999999,-0.708,-0.03,0.911,0.909,1.6842,0.136,Up
969,2004,0.136,0.5539999999999999,-0.708,-0.03,0.911,1.4567,-1.116,Down
970,2004,-1.116,0.136,0.5539999999999999,-0.708,-0.03,1.5266,0.59,Up
971,2004,0.59,-1.116,0.136,0.5539999999999999,-0.708,1.3927,-0.025,Down
972,2004,-0.025,0.59,-1.116,0.136,0.5539999999999999,1.4283,0.41,Up
973,2004,0.41,-0.025,0.59,-1.116,0.136,1.1496,0.075,Up
974,2004,0.075,0.41,-0.025,0.59,-1.116,0.50458,-0.345,Down
975,2004,-0.345,0.075,0.41,-0.025,0.59,1.3785,-0.403,Down
976,2004,-0.403,-0.345,0.075,0.41,-0.025,1.5535,1.495,Up
977,2004,1.495,-0.403,-0.345,0.075,0.41,1.7728,-0.087,Down
978,2004,-0.087,1.495,-0.403,-0.345,0.075,1.7749,0.071,Up
979,2004,0.071,-0.087,1.495,-0.403,-0.345,1.5667,-0.077,Down
980,2004,-0.077,0.071,-0.087,1.495,-0.403,1.3544,-1.107,Down
981,2004,-1.107,-0.077,0.071,-0.087,1.495,1.5339,0.488,Up
982,2004,0.488,-1.107,-0.077,0.071,-0.087,1.5252,0.544,Up
983,2004,0.544,0.488,-1.107,-0.077,0.071,1.6247,-0.104,Down
984,2004,-0.104,0.544,0.488,-1.107,-0.077,1.4437,0.899,Up
985,2004,0.899,-0.104,0.544,0.488,-1.107,1.4361,0.392,Up
986,2004,0.392,0.899,-0.104,0.544,0.488,1.5444,0.194,Up
987,2004,0.194,0.392,0.899,-0.104,0.544,1.6958,-0.208,Down
988,2004,-0.208,0.194,0.392,0.899,-0.104,1.7939,-0.7490000000000001,Down
989,2004,-0.7490000000000001,-0.208,0.194,0.392,0.899,2.335,0.038,Up
990,2004,0.038,-0.7490000000000001,-0.208,0.194,0.392,1.4228,0.904,Up
991,2004,0.904,0.038,-0.7490000000000001,-0.208,0.194,1.4837,0.342,Up
992,2004,0.342,0.904,0.038,-0.7490000000000001,-0.208,1.3908,0.046,Up
993,2004,0.046,0.342,0.904,0.038,-0.7490000000000001,0.9561,-0.431,Down
994,2004,-0.431,0.046,0.342,0.904,0.038,0.922,0.715,Up
995,2004,0.715,-0.431,0.046,0.342,0.904,0.983,-0.006999999999999999,Down
996,2004,-0.006999999999999999,0.715,-0.431,0.046,0.342,0.9259,0.008,Up
997,2004,0.008,-0.006999999999999999,0.715,-0.431,0.046,0.8298,-0.134,Down
998,2005,-0.134,0.008,-0.006999999999999999,0.715,-0.431,0.7869,-0.812,Down
999,2005,-0.812,-0.134,0.008,-0.006999999999999999,0.715,1.5108,-1.167,Down
1000,2005,-1.167,-0.812,-0.134,0.008,-0.006999999999999999,1.721,-0.363,Down
1001,2005,-0.363,-1.167,-0.812,-0.134,0.008,1.7389,0.35100000000000003,Up
1002,2005,0.35100000000000003,-0.363,-1.167,-0.812,-0.134,1.5691,-0.14300000000000002,Down
1003,2005,-0.14300000000000002,0.35100000000000003,-0.363,-1.167,-0.812,1.4779,0.342,Up
1004,2005,0.342,-0.14300000000000002,0.35100000000000003,-0.363,-1.167,1.4904,-0.61,Down
1005,2005,-0.61,0.342,-0.14300000000000002,0.35100000000000003,-0.363,1.4888,0.398,Up
1006,2005,0.398,-0.61,0.342,-0.14300000000000002,0.35100000000000003,1.5621,-0.863,Down
1007,2005,-0.863,0.398,-0.61,0.342,-0.14300000000000002,1.5103,0.6,Up
1008,2005,0.6,-0.863,0.398,-0.61,0.342,1.3354,0.967,Up
1009,2005,0.967,0.6,-0.863,0.398,-0.61,1.5968,-0.949,Down
1010,2005,-0.949,0.967,0.6,-0.863,0.398,1.4987,-0.778,Down
1011,2005,-0.778,-0.949,0.967,0.6,-0.863,1.692,-0.6409999999999999,Down
1012,2005,-0.6409999999999999,-0.778,-0.949,0.967,0.6,1.6435,-0.353,Down
1013,2005,-0.353,-0.6409999999999999,-0.778,-0.949,0.967,1.4946,0.4,Up
1014,2005,0.4,-0.353,-0.6409999999999999,-0.778,-0.949,1.6104,0.484,Up
1015,2005,0.484,0.4,-0.353,-0.6409999999999999,-0.778,1.6359,0.041,Up
1016,2005,0.041,0.484,0.4,-0.353,-0.6409999999999999,1.6006,-0.272,Down
1017,2005,-0.272,0.041,0.484,0.4,-0.353,1.6418,0.846,Up
1018,2005,0.846,-0.272,0.041,0.484,0.4,1.6798,0.6890000000000001,Up
1019,2005,0.6890000000000001,0.846,-0.272,0.041,0.484,1.68198,0.318,Up
1020,2005,0.318,0.6890000000000001,0.846,-0.272,0.041,1.56174,-0.277,Down
1021,2005,-0.277,0.318,0.6890000000000001,0.846,-0.272,1.55446,1.104,Up
1022,2005,1.104,-0.277,0.318,0.6890000000000001,0.846,1.6481599999999998,-0.109,Down
1023,2005,-0.109,1.104,-0.277,0.318,0.6890000000000001,1.34727,0.048,Up
1024,2005,0.048,-0.109,1.104,-0.277,0.318,1.4161700000000002,-0.858,Down
1025,2005,-0.858,0.048,-0.109,1.104,-0.277,1.51104,0.421,Up
1026,2005,0.421,-0.858,0.048,-0.109,1.104,1.49167,0.693,Up
1027,2005,0.693,0.421,-0.858,0.048,-0.109,1.5623,0.07,Up
1028,2005,0.07,0.693,0.421,-0.858,0.048,1.29018,0.33,Up
1029,2005,0.33,0.07,0.693,0.421,-0.858,1.52708,0.018000000000000002,Up
1030,2005,0.018000000000000002,0.33,0.07,0.693,0.421,1.4901,-0.792,Down
1031,2005,-0.792,0.018000000000000002,0.33,0.07,0.693,1.58012,0.07,Up
1032,2005,0.07,-0.792,0.018000000000000002,0.33,0.07,1.5512,-1.4509999999999998,Down
1033,2005,-1.4509999999999998,0.07,-0.792,0.018000000000000002,0.33,1.7449400000000002,0.561,Up
1034,2005,0.561,-1.4509999999999998,0.07,-0.792,0.018000000000000002,1.50109,0.789,Up
1035,2005,0.789,0.561,-1.4509999999999998,0.07,-0.792,1.51875,0.931,Up
1036,2005,0.931,0.789,0.561,-1.4509999999999998,0.07,1.52368,-0.6409999999999999,Down
1037,2005,-0.6409999999999999,0.931,0.789,0.561,-1.4509999999999998,1.79548,0.5660000000000001,Up
1038,2005,0.5660000000000001,-0.6409999999999999,0.931,0.789,0.561,1.70806,-0.027000000000000003,Down
1039,2005,-0.027000000000000003,0.5660000000000001,-0.6409999999999999,0.931,0.789,1.56854,0.032,Up
1040,2005,0.032,-0.027000000000000003,0.5660000000000001,-0.6409999999999999,0.931,1.61624,0.962,Up
1041,2005,0.962,0.032,-0.027000000000000003,0.5660000000000001,-0.6409999999999999,1.6368200000000002,0.261,Up
1042,2005,0.261,0.962,0.032,-0.027000000000000003,0.5660000000000001,1.48883,-0.48,Down
1043,2005,-0.48,0.261,0.962,0.032,-0.027000000000000003,1.52309,-1.019,Down
1044,2005,-1.019,-0.48,0.261,0.962,0.032,1.70497,0.18600000000000005,Up
1045,2005,0.18600000000000005,-1.019,-0.48,0.261,0.962,1.60402,-0.758,Down
1046,2005,-0.758,0.18600000000000005,-1.019,-0.48,0.261,1.44982,0.562,Up
1047,2005,0.562,-0.758,0.18600000000000005,-1.019,-0.48,1.43743,-0.752,Down
1048,2005,-0.752,0.562,-0.758,0.18600000000000005,-1.019,1.5135299999999998,-0.8079999999999999,Down
1049,2005,-0.8079999999999999,-0.752,0.562,-0.758,0.18600000000000005,1.6531900000000002,0.18,Up
1050,2005,0.18,-0.8079999999999999,-0.752,0.562,-0.758,1.5819299999999998,-0.047,Down
1051,2005,-0.047,0.18,-0.8079999999999999,-0.752,0.562,2.34437,-0.493,Down
1052,2005,-0.493,-0.047,0.18,-0.8079999999999999,-0.752,1.81944,-1.02,Down
1053,2005,-1.02,-0.493,-0.047,0.18,-0.8079999999999999,2.1144700000000003,0.07,Up
1054,2005,0.07,-1.02,-0.493,-0.047,0.18,2.24687,-0.095,Down
1055,2005,-0.095,0.07,-1.02,-0.493,-0.047,1.72172,0.244,Up
1056,2005,0.244,-0.095,0.07,-1.02,-0.493,1.74622,-0.76,Down
1057,2005,-0.76,0.244,-0.095,0.07,-1.02,2.22325,1.3769999999999998,Up
1058,2005,1.3769999999999998,-0.76,0.244,-0.095,0.07,2.09711,-0.069,Down
1059,2005,-0.069,1.3769999999999998,-0.76,0.244,-0.095,2.21423,-0.65,Down
1060,2005,-0.65,-0.069,1.3769999999999998,-0.76,0.244,2.16869,0.273,Up
1061,2005,0.273,-0.65,-0.069,1.3769999999999998,-0.76,2.07977,0.448,Up
1062,2005,0.448,0.273,-0.65,-0.069,1.3769999999999998,1.8708,0.227,Up
1063,2005,0.227,0.448,0.273,-0.65,-0.069,1.7974,0.597,Up
1064,2005,0.597,0.227,0.448,0.273,-0.65,1.90062,-0.8340000000000001,Down
1065,2005,-0.8340000000000001,0.597,0.227,0.448,0.273,1.66133,0.001,Up
1066,2005,0.001,-0.8340000000000001,0.597,0.227,0.448,1.52531,0.555,Up
1067,2005,0.555,0.001,-0.8340000000000001,0.597,0.227,1.97983,-1.176,Down
1068,2005,-1.176,0.555,0.001,-0.8340000000000001,0.597,2.0497400000000003,-1.0,Down
1069,2005,-1.0,-1.176,0.555,0.001,-0.8340000000000001,2.35504,-1.672,Down
1070,2005,-1.672,-1.0,-1.176,0.555,0.001,2.68996,0.294,Up
1071,2005,0.294,-1.672,-1.0,-1.176,0.555,2.18067,0.593,Up
1072,2005,0.593,0.294,-1.672,-1.0,-1.176,2.1427,-1.325,Down
1073,2005,-1.325,0.593,0.294,-1.672,-1.0,2.21705,1.974,Up
1074,2005,1.974,-1.325,0.593,0.294,-1.672,2.30856,-0.675,Down
1075,2005,-0.675,1.974,-1.325,0.593,0.294,2.04588,0.866,Up
1076,2005,0.866,-0.675,1.974,-1.325,0.593,1.79503,-0.884,Down
1077,2005,-0.884,0.866,-0.675,1.974,-1.325,1.95974,0.395,Up
1078,2005,0.395,-0.884,0.866,-0.675,1.974,2.15152,-1.138,Down
1079,2005,-1.138,0.395,-0.884,0.866,-0.675,2.18227,1.192,Up
1080,2005,1.192,-1.138,0.395,-0.884,0.866,2.36236,0.459,Up
1081,2005,0.459,1.192,-1.138,0.395,-0.884,1.98004,-0.085,Down
1082,2005,-0.085,0.459,1.192,-1.138,0.395,2.16702,1.247,Up
1083,2005,1.247,-0.085,0.459,1.192,-1.138,2.30648,-0.257,Down
1084,2005,-0.257,1.247,-0.085,0.459,1.192,1.9971,-0.109,Down
1085,2005,-0.109,-0.257,1.247,-0.085,0.459,1.7072,0.639,Up
1086,2005,0.639,-0.109,-0.257,1.247,-0.085,1.85702,-1.071,Down
1087,2005,-1.071,0.639,-0.109,-0.257,1.247,1.88966,0.419,Up
1088,2005,0.419,-1.071,0.639,-0.109,-0.257,1.83497,-1.003,Down
1089,2005,-1.003,0.419,-1.071,0.639,-0.109,1.99529,-0.458,Down
1090,2005,-0.458,-1.003,0.419,-1.071,0.639,2.18859,1.009,Up
1091,2005,1.009,-0.458,-1.003,0.419,-1.071,1.85686,0.696,Up
1092,2005,0.696,1.009,-0.458,-1.003,0.419,1.88726,1.002,Up
1093,2005,1.002,0.696,1.009,-0.458,-1.003,2.26632,0.466,Up
1094,2005,0.466,1.002,0.696,1.009,-0.458,1.7758599999999998,-0.151,Down
1095,2005,-0.151,0.466,1.002,0.696,1.009,1.63175,0.385,Up
1096,2005,0.385,-0.151,0.466,1.002,0.696,1.68117,0.018000000000000002,Up
1097,2005,0.018000000000000002,0.385,-0.151,0.466,1.002,1.681,-0.34,Down
1098,2005,-0.34,0.018000000000000002,0.385,-0.151,0.466,1.7421799999999998,0.639,Up
1099,2005,0.639,-0.34,0.018000000000000002,0.385,-0.151,1.6541099999999995,0.097,Up
1100,2005,0.097,0.639,-0.34,0.018000000000000002,0.385,1.38143,-0.607,Down
1101,2005,-0.607,0.097,0.639,-0.34,0.018000000000000002,1.84068,0.9,Up
1102,2005,0.9,-0.607,0.097,0.639,-0.34,1.8101,0.172,Up
1103,2005,0.172,0.9,-0.607,0.097,0.639,1.81379,-0.687,Down
1104,2005,-0.687,0.172,0.9,-0.607,0.097,1.62752,0.125,Up
1105,2005,0.125,-0.687,0.172,0.9,-0.607,1.54712,-0.021,Down
1106,2005,-0.021,0.125,-0.687,0.172,0.9,1.85137,-0.21600000000000005,Down
1107,2005,-0.21600000000000005,-0.021,0.125,-0.687,0.172,1.7154900000000002,0.524,Up
1108,2005,0.524,-0.21600000000000005,-0.021,0.125,-0.687,1.82412,-0.235,Down
1109,2005,-0.235,0.524,-0.21600000000000005,-0.021,0.125,1.66418,0.226,Up
1110,2005,0.226,-0.235,0.524,-0.21600000000000005,-0.021,1.66135,0.257,Up
1111,2005,0.257,0.226,-0.235,0.524,-0.21600000000000005,1.69815,0.222,Up
1112,2005,0.222,0.257,0.226,-0.235,0.524,1.84044,0.363,Up
1113,2005,0.363,0.222,0.257,0.226,-0.235,1.77604,0.495,Up
1114,2005,0.495,0.363,0.222,0.257,0.226,2.40737,-0.071,Down
1115,2005,-0.071,0.495,0.363,0.222,0.257,1.71453,-0.205,Down
1116,2005,-0.205,-0.071,0.495,0.363,0.222,1.7207,0.022,Up
1117,2005,0.022,-0.205,-0.071,0.495,0.363,1.82325,-1.083,Down
1118,2005,-1.083,0.022,-0.205,-0.071,0.495,2.02992,-0.763,Down
1119,2005,-0.763,-1.083,0.022,-0.205,-0.071,2.4188,-0.07400000000000001,Down
1120,2005,-0.07400000000000001,-0.763,-1.083,0.022,-0.205,1.73862,0.914,Up
1121,2005,0.914,-0.07400000000000001,-0.763,-1.083,0.022,1.7724099999999998,-0.14300000000000002,Down
1122,2005,-0.14300000000000002,0.914,-0.07400000000000001,-0.763,-1.083,1.76928,-0.71,Down
1123,2005,-0.71,-0.14300000000000002,0.914,-0.07400000000000001,-0.763,2.10949,0.261,Up
1124,2005,0.261,-0.71,-0.14300000000000002,0.914,-0.07400000000000001,1.59382,0.883,Up
1125,2005,0.883,0.261,-0.71,-0.14300000000000002,0.914,1.80582,-0.8340000000000001,Down
1126,2005,-0.8340000000000001,0.883,0.261,-0.71,-0.14300000000000002,1.88347,0.245,Up
1127,2005,0.245,-0.8340000000000001,0.883,0.261,-0.71,1.95244,1.168,Up
1128,2005,1.168,0.245,-0.8340000000000001,0.883,0.261,1.90081,0.625,Up
1129,2005,0.625,1.168,0.245,-0.8340000000000001,0.883,1.8463,0.227,Up
1130,2005,0.227,0.625,1.168,0.245,-0.8340000000000001,1.93201,0.08800000000000001,Up
1131,2005,0.08800000000000001,0.227,0.625,1.168,0.245,1.8125,0.262,Up
1132,2005,0.262,0.08800000000000001,0.227,0.625,1.168,2.04871,0.116,Up
1133,2005,0.116,0.262,0.08800000000000001,0.227,0.625,1.7164,-0.5529999999999999,Down
1134,2005,-0.5529999999999999,0.116,0.262,0.08800000000000001,0.227,1.5821,0.6729999999999999,Up
1135,2005,0.6729999999999999,-0.5529999999999999,0.116,0.262,0.08800000000000001,2.04128,0.476,Up
1136,2005,0.476,0.6729999999999999,-0.5529999999999999,0.116,0.262,2.06334,-0.6609999999999999,Down
1137,2005,-0.6609999999999999,0.476,0.6729999999999999,-0.5529999999999999,0.116,2.12984,0.541,Up
1138,2005,0.541,-0.6609999999999999,0.476,0.6729999999999999,-0.5529999999999999,1.76699,-0.377,Down
1139,2005,-0.377,0.541,-0.6609999999999999,0.476,0.6729999999999999,1.71758,0.173,Up
1140,2005,0.173,-0.377,0.541,-0.6609999999999999,0.476,1.93418,0.457,Up
1141,2005,0.457,0.173,-0.377,0.541,-0.6609999999999999,1.9458,0.56,Up
1142,2005,0.56,0.457,0.173,-0.377,0.541,2.00168,-0.767,Down
1143,2005,-0.767,0.56,0.457,0.173,-0.377,1.7896,0.095,Up
1144,2005,0.095,-0.767,0.56,0.457,0.173,1.71687,0.71,Up
1145,2005,0.71,0.095,-0.767,0.56,0.457,2.04312,0.07400000000000001,Up
1146,2005,0.07400000000000001,0.71,0.095,-0.767,0.56,1.99998,-0.737,Down
1147,2005,-0.737,0.07400000000000001,0.71,0.095,-0.767,1.98122,-0.764,Down
1148,2005,-0.764,-0.737,0.07400000000000001,0.71,0.095,1.93028,-0.268,Down
1149,2005,-0.268,-0.764,-0.737,0.07400000000000001,0.71,1.80414,0.674,Up
1150,2005,0.674,-0.268,-0.764,-0.737,0.07400000000000001,1.89752,-0.183,Down
1151,2005,-0.183,0.674,-0.268,-0.764,-0.737,2.17232,0.706,Up
1152,2005,0.706,-0.183,0.674,-0.268,-0.764,1.94156,-0.599,Down
1153,2005,-0.599,0.706,-0.183,0.674,-0.268,1.7093,0.28300000000000003,Up
1154,2005,0.28300000000000003,-0.599,0.706,-0.183,0.674,1.5628799999999998,-1.178,Down
1155,2005,-1.178,0.28300000000000003,-0.599,0.706,-0.183,1.82041,0.07400000000000001,Up
1156,2005,0.07400000000000001,-1.178,0.28300000000000003,-0.599,0.706,1.85915,-0.1,Down
1157,2005,-0.1,0.07400000000000001,-1.178,0.28300000000000003,-0.599,1.80817,0.057,Up
1158,2005,0.057,-0.1,0.07400000000000001,-1.178,0.28300000000000003,1.55879,0.166,Up
1159,2005,0.166,0.057,-0.1,0.07400000000000001,-1.178,1.62133,-0.339,Down
1160,2005,-0.339,0.166,0.057,-0.1,0.07400000000000001,1.67862,-0.657,Down
1161,2005,-0.657,-0.339,0.166,0.057,-0.1,1.9308,0.23,Up
1162,2005,0.23,-0.657,-0.339,0.166,0.057,1.57111,-0.6,Down
1163,2005,-0.6,0.23,-0.657,-0.339,0.166,1.54109,0.596,Up
1164,2005,0.596,-0.6,0.23,-0.657,-0.339,1.59945,-0.319,Down
1165,2005,-0.319,0.596,-0.6,0.23,-0.657,1.91647,0.986,Up
1166,2005,0.986,-0.319,0.596,-0.6,0.23,2.36551,0.103,Up
1167,2005,0.103,0.986,-0.319,0.596,-0.6,2.22986,-0.292,Down
1168,2005,-0.292,0.103,0.986,-0.319,0.596,1.6401599999999998,1.262,Up
1169,2005,1.262,-0.292,0.103,0.986,-0.319,1.93209,0.241,Up
1170,2005,0.241,1.262,-0.292,0.103,0.986,2.0677,-0.379,Down
1171,2005,-0.379,0.241,1.262,-0.292,0.103,1.95538,0.7959999999999999,Up
1172,2005,0.7959999999999999,-0.379,0.241,1.262,-0.292,1.99256,-0.07400000000000001,Down
1173,2005,-0.07400000000000001,0.7959999999999999,-0.379,0.241,1.262,1.93805,-0.754,Down
1174,2005,-0.754,-0.07400000000000001,0.7959999999999999,-0.379,0.241,2.08236,-0.328,Down
1175,2005,-0.328,-0.754,-0.07400000000000001,0.7959999999999999,-0.379,1.98675,0.046,Up
1176,2005,0.046,-0.328,-0.754,-0.07400000000000001,0.7959999999999999,2.07934,0.8290000000000001,Up
1177,2005,0.8290000000000001,0.046,-0.328,-0.754,-0.07400000000000001,3.15247,-0.557,Down
1178,2005,-0.557,0.8290000000000001,0.046,-0.328,-0.754,2.07654,-0.7859999999999999,Down
1179,2005,-0.7859999999999999,-0.557,0.8290000000000001,0.046,-0.328,2.31925,-0.912,Down
1180,2005,-0.912,-0.7859999999999999,-0.557,0.8290000000000001,0.046,2.54815,0.365,Up
1181,2005,0.365,-0.912,-0.7859999999999999,-0.557,0.8290000000000001,2.42472,0.055,Up
1182,2005,0.055,0.365,-0.912,-0.7859999999999999,-0.557,1.97302,0.028,Up
1183,2005,0.028,0.055,0.365,-0.912,-0.7859999999999999,2.02222,0.002,Up
1184,2005,0.002,0.028,0.055,0.365,-0.912,1.97627,0.101,Up
1185,2005,0.101,0.002,0.028,0.055,0.365,2.10698,0.887,Up
1186,2005,0.887,0.101,0.002,0.028,0.055,2.17612,0.092,Up
1187,2005,0.092,0.887,0.101,0.002,0.028,2.0975200000000003,-0.172,Down
1188,2005,-0.172,0.092,0.887,0.101,0.002,2.09749,-0.997,Down
1189,2005,-0.997,-0.172,0.092,0.887,0.101,2.3414200000000003,-1.489,Down
1190,2005,-1.489,-0.997,-0.172,0.092,0.887,2.54678,-0.41,Down
1191,2005,-0.41,-1.489,-0.997,-0.172,0.092,2.79203,0.37,Up
1192,2005,0.37,-0.41,-1.489,-0.997,-0.172,2.12608,-0.7170000000000001,Down
1193,2005,-0.7170000000000001,0.37,-0.41,-1.489,-0.997,2.19599,-0.207,Down
1194,2005,-0.207,-0.7170000000000001,0.37,-0.41,-1.489,2.29904,-0.607,Down
1195,2005,-0.607,-0.207,-0.7170000000000001,0.37,-0.41,2.49128,-0.071,Down
1196,2005,-0.071,-0.607,-0.207,-0.7170000000000001,0.37,2.35115,0.8270000000000001,Up
1197,2005,0.8270000000000001,-0.071,-0.607,-0.207,-0.7170000000000001,2.18894,0.297,Up
1198,2005,0.297,0.8270000000000001,-0.071,-0.607,-0.207,2.05457,-1.005,Down
1199,2005,-1.005,0.297,0.8270000000000001,-0.071,-0.607,2.19701,1.496,Up
1200,2005,1.496,-1.005,0.297,0.8270000000000001,-0.071,2.70359,-1.5019999999999998,Down
1201,2005,-1.5019999999999998,1.496,-1.005,0.297,0.8270000000000001,2.61725,0.152,Up
1202,2005,0.152,-1.5019999999999998,1.496,-1.005,0.297,2.47092,1.6780000000000002,Up
1203,2005,1.6780000000000002,0.152,-1.5019999999999998,1.496,-1.005,2.1977900000000004,-0.237,Down
1204,2005,-0.237,1.6780000000000002,0.152,-1.5019999999999998,1.496,2.31247,-0.431,Down
1205,2005,-0.431,-0.237,1.6780000000000002,0.152,-1.5019999999999998,2.46775,-1.048,Down
1206,2005,-1.048,-0.431,-0.237,1.6780000000000002,0.152,2.39537,1.655,Up
1207,2005,1.655,-1.048,-0.431,-0.237,1.6780000000000002,2.3794,0.718,Up
1208,2005,0.718,1.655,-1.048,-0.431,-0.237,2.56747,-0.35200000000000004,Down
1209,2005,-0.35200000000000004,0.718,1.655,-1.048,-0.431,2.45785,0.998,Up
1210,2005,0.998,-0.35200000000000004,0.718,1.655,-1.048,2.6480900000000003,0.426,Up
1211,2005,0.426,0.998,-0.35200000000000004,0.718,1.655,2.71663,0.016,Up
1212,2005,0.016,0.426,0.998,-0.35200000000000004,0.718,2.05051,0.219,Up
1213,2005,0.219,0.016,0.426,0.998,-0.35200000000000004,1.98758,-0.345,Down
1214,2005,-0.345,0.219,0.016,0.426,0.998,1.96505,0.16899999999999998,Up
1215,2005,0.16899999999999998,-0.345,0.219,0.016,0.426,2.21446,0.845,Up
1216,2005,0.845,0.16899999999999998,-0.345,0.219,0.016,2.37846,0.305,Up
1217,2005,0.305,0.845,0.16899999999999998,-0.345,0.219,1.7731400000000002,-0.078,Down
1218,2005,-0.078,0.305,0.845,0.16899999999999998,-0.345,1.89978,-0.385,Down
1219,2005,-0.385,-0.078,0.305,0.845,0.16899999999999998,2.35937,0.179,Up
1220,2005,0.179,-0.385,-0.078,0.305,0.845,2.12158,0.941,Up
1221,2005,0.941,0.179,-0.385,-0.078,0.305,2.2980400000000003,0.44,Up
1222,2005,0.44,0.941,0.179,-0.385,-0.078,2.45329,0.527,Up
1223,2005,0.527,0.44,0.941,0.179,-0.385,2.11735,0.508,Up
1224,2005,0.508,0.527,0.44,0.941,0.179,2.29142,0.34700000000000003,Up
1225,2005,0.34700000000000003,0.508,0.527,0.44,0.941,1.9854,0.209,Up
1226,2005,0.209,0.34700000000000003,0.508,0.527,0.44,0.7249399999999999,-0.851,Down
1227,2005,-0.851,0.209,0.34700000000000003,0.508,0.527,2.0169,0.002,Up
1228,2005,0.002,-0.851,0.209,0.34700000000000003,0.508,2.26834,-0.636,Down
1229,2005,-0.636,0.002,-0.851,0.209,0.34700000000000003,2.37469,1.216,Up
1230,2005,1.216,-0.636,0.002,-0.851,0.209,2.61483,0.032,Up
1231,2005,0.032,1.216,-0.636,0.002,-0.851,2.12558,-0.236,Down
1232,2005,-0.236,0.032,1.216,-0.636,0.002,2.3258400000000004,0.128,Up
1233,2005,0.128,-0.236,0.032,1.216,-0.636,2.1107400000000003,-0.501,Down
1234,2005,-0.501,0.128,-0.236,0.032,1.216,2.09383,-0.122,Down
1235,2005,-0.122,-0.501,0.128,-0.236,0.032,2.1783,0.281,Up
1236,2005,0.281,-0.122,-0.501,0.128,-0.236,1.8962900000000005,0.084,Up
1237,2005,0.084,0.281,-0.122,-0.501,0.128,1.87655,0.555,Up
1238,2005,0.555,0.084,0.281,-0.122,-0.501,2.3900200000000003,0.419,Up
1239,2005,0.419,0.555,0.084,0.281,-0.122,2.14552,-0.141,Down
1240,2005,-0.141,0.419,0.555,0.084,0.281,2.18059,-0.285,Down
1241,2005,-0.285,-0.141,0.419,0.555,0.084,2.58419,-0.584,Down
1242,2005,-0.584,-0.285,-0.141,0.419,0.555,2.20881,-0.024,Down
1243,2005,-0.024,-0.584,-0.285,-0.141,0.419,1.99669,0.252,Up
1244,2005,0.252,-0.024,-0.584,-0.285,-0.141,2.06517,0.422,Up
1245,2005,0.422,0.252,-0.024,-0.584,-0.285,1.8885,0.043,Up
1246,2005,0.043,0.422,0.252,-0.024,-0.584,1.28581,-0.955,Down
1247,2005,-0.955,0.043,0.422,0.252,-0.024,1.54047,0.13,Up
1248,2005,0.13,-0.955,0.043,0.422,0.252,1.42236,-0.298,Down
1249,2005,-0.298,0.13,-0.955,0.043,0.422,1.38254,-0.489,Down
